State,District,Market,Crop,Variety,Date,Price,Rainfall,Temperature,Soil_Moisture
Madhya Pradesh,Pune,Kolkata Mkt,Mustard,Basmati,2024-01-01,4813,140,33,54
Tamil Nadu,Patna,Kanpur Mkt,Soybean,Long Staple,2024-01-02,6355,267,17,89
Bihar,Coimbatore,Indore Mkt,Maize,Basmati,2024-01-03,5356,36,32,57
Gujarat,Coimbatore,Jaipur Mkt,Cotton,Basmati,2024-01-04,5513,73,19,33
Madhya Pradesh,Ahmedabad,Pune Mkt,Maize,Co-86032,2024-01-05,3892,72,28,31
West Bengal,Patna,Indore Mkt,Rice,IR64,2024-01-06,4959,198,42,20
Karnataka,Ahmedabad,Patna Mkt,Sugarcane,Improved,2024-01-07,7108,129,44,67
Madhya Pradesh,Patna,Mysore Mkt,Ragi,Hybrid,2024-01-08,2874,245,18,55
Bihar,Kolkata,Coimbatore Mkt,Barley,Co-86032,2024-01-09,7955,59,21,38
Gujarat,Pune,Kolkata Mkt,Soybean,High Yield,2024-01-10,1084,278,34,44
Tamil Nadu,Kolkata,Kanpur Mkt,Cotton,Co-86032,2024-01-11,6579,102,39,24
Bihar,Jaipur,Kolkata Mkt,Maize,Desi,2024-01-12,7224,295,42,69
Bihar,Kanpur,Indore Mkt,Bajra,Hybrid,2024-01-13,5733,150,26,51
Karnataka,Mysore,Coimbatore Mkt,Rice,Common,2024-01-14,5726,156,16,52
Uttar Pradesh,Patna,Patna Mkt,Ragi,High Yield,2024-01-15,1987,205,25,89
Gujarat,Jaipur,Ahmedabad Mkt,Ragi,Local,2024-01-16,4769,178,28,83
Punjab,Kanpur,Pune Mkt,Soybean,Co-86032,2024-01-17,3765,196,36,58
Bihar,Indore,Coimbatore Mkt,Barley,Basmati,2024-01-18,5119,222,37,73
Uttar Pradesh,Pune,Mysore Mkt,Mustard,Improved,2024-01-19,1583,88,30,41
Punjab,Ahmedabad,Jaipur Mkt,Bajra,Common,2024-01-20,7908,286,34,73
Gujarat,Ahmedabad,Patna Mkt,Soybean,Co-86032,2024-01-21,1749,275,43,11
Maharashtra,Kolkata,Pune Mkt,Maize,Co-86032,2024-01-22,4739,235,20,33
West Bengal,Coimbatore,Kanpur Mkt,Sugarcane,Long Staple,2024-01-23,7997,182,37,96
Uttar Pradesh,Kanpur,Jaipur Mkt,Wheat,Long Staple,2024-01-24,844,208,18,75
Rajasthan,Indore,Indore Mkt,Mustard,Common,2024-01-25,2610,129,29,47
Maharashtra,Jaipur,Coimbatore Mkt,Barley,IR64,2024-01-26,5366,152,38,40
West Bengal,Pune,Pune Mkt,Rice,Long Staple,2024-01-27,2881,12,39,35
Karnataka,Kanpur,Ludhiana Mkt,Mustard,Basmati,2024-01-28,7596,121,15,38
Madhya Pradesh,Indore,Ahmedabad Mkt,Cotton,High Yield,2024-01-29,4298,219,21,76
Tamil Nadu,Mysore,Ahmedabad Mkt,Barley,Local,2024-01-30,1629,105,39,87
Rajasthan,Patna,Patna Mkt,Sugarcane,Hybrid,2024-01-31,2709,69,26,34
Karnataka,Ahmedabad,Kanpur Mkt,Cotton,Local,2024-02-01,7164,194,24,57
Gujarat,Jaipur,Patna Mkt,Mustard,Local,2024-02-02,6787,185,19,74
Karnataka,Ahmedabad,Ludhiana Mkt,Wheat,Hybrid,2024-02-03,3381,98,26,62
Madhya Pradesh,Jaipur,Mysore Mkt,Wheat,Long Staple,2024-02-04,1491,81,32,76
Gujarat,Kolkata,Kanpur Mkt,Sugarcane,Common,2024-02-05,4819,74,24,99
Rajasthan,Coimbatore,Kolkata Mkt,Ragi,Hybrid,2024-02-06,6286,191,20,27
Madhya Pradesh,Jaipur,Mysore Mkt,Bajra,Desi,2024-02-07,1731,213,42,18
Punjab,Ahmedabad,Kanpur Mkt,Rice,IR64,2024-02-08,5736,143,26,47
Tamil Nadu,Kolkata,Kanpur Mkt,Ragi,High Yield,2024-02-09,7954,215,21,96
Rajasthan,Jaipur,Ludhiana Mkt,Wheat,Improved,2024-02-10,6834,14,32,30
Punjab,Mysore,Indore Mkt,Wheat,Long Staple,2024-02-11,6469,216,16,74
West Bengal,Coimbatore,Ludhiana Mkt,Maize,IR64,2024-02-12,7525,34,24,30
Rajasthan,Jaipur,Kanpur Mkt,Cotton,Hybrid,2024-02-13,7182,182,29,36
West Bengal,Kolkata,Pune Mkt,Mustard,Desi,2024-02-14,4206,269,44,79
Gujarat,Kanpur,Mysore Mkt,Rice,Improved,2024-02-15,7384,99,26,53
Punjab,Ludhiana,Ludhiana Mkt,Sugarcane,High Yield,2024-02-16,947,6,40,37
Tamil Nadu,Indore,Indore Mkt,Mustard,High Yield,2024-02-17,1832,29,31,54
Madhya Pradesh,Ludhiana,Coimbatore Mkt,Maize,Long Staple,2024-02-18,2111,143,18,26
Bihar,Ludhiana,Patna Mkt,Wheat,Hybrid,2024-02-19,1187,110,21,49
Karnataka,Pune,Kanpur Mkt,Sugarcane,IR64,2024-02-20,3921,231,44,12
Maharashtra,Mysore,Kolkata Mkt,Wheat,Common,2024-02-21,2673,178,23,85
Tamil Nadu,Kanpur,Coimbatore Mkt,Rice,IR64,2024-02-22,4388,71,33,85
Punjab,Patna,Ahmedabad Mkt,Cotton,IR64,2024-02-23,1715,209,42,75
Bihar,Jaipur,Jaipur Mkt,Mustard,High Yield,2024-02-24,2678,219,41,55
Tamil Nadu,Indore,Indore Mkt,Mustard,Common,2024-02-25,7581,79,37,95
Punjab,Coimbatore,Kolkata Mkt,Ragi,Common,2024-02-26,4548,82,21,96
Uttar Pradesh,Kanpur,Jaipur Mkt,Sugarcane,Long Staple,2024-02-27,1077,41,37,39
Uttar Pradesh,Ahmedabad,Indore Mkt,Bajra,Improved,2024-02-28,2777,272,16,78
West Bengal,Patna,Pune Mkt,Maize,Co-86032,2024-02-29,2659,190,20,18
Tamil Nadu,Pune,Patna Mkt,Bajra,Local,2024-03-01,3836,172,32,94
Uttar Pradesh,Pune,Coimbatore Mkt,Ragi,Local,2024-03-02,4171,6,20,20
Punjab,Kanpur,Mysore Mkt,Rice,High Yield,2024-03-03,6721,154,27,78
West Bengal,Kolkata,Indore Mkt,Maize,Co-86032,2024-03-04,7532,9,40,75
Punjab,Ludhiana,Mysore Mkt,Cotton,Improved,2024-03-05,6729,33,33,97
West Bengal,Ahmedabad,Patna Mkt,Bajra,Co-86032,2024-03-06,7592,35,44,40
Tamil Nadu,Pune,Kanpur Mkt,Cotton,Long Staple,2024-03-07,5513,5,16,42
Bihar,Indore,Ahmedabad Mkt,Bajra,IR64,2024-03-08,6526,214,26,48
Madhya Pradesh,Pune,Coimbatore Mkt,Cotton,High Yield,2024-03-09,2982,133,29,55
Rajasthan,Coimbatore,Patna Mkt,Bajra,Common,2024-03-10,5475,284,28,46
Bihar,Jaipur,Patna Mkt,Cotton,High Yield,2024-03-11,1970,125,20,69
Gujarat,Pune,Pune Mkt,Ragi,Local,2024-03-12,1289,173,32,40
Punjab,Coimbatore,Jaipur Mkt,Barley,Improved,2024-03-13,3325,151,19,20
Gujarat,Kanpur,Ahmedabad Mkt,Maize,Co-86032,2024-03-14,1982,25,32,96
Bihar,Kanpur,Coimbatore Mkt,Sugarcane,Improved,2024-03-15,5279,114,17,11
West Bengal,Patna,Kanpur Mkt,Rice,Long Staple,2024-03-16,5058,283,17,36
Rajasthan,Pune,Kanpur Mkt,Soybean,High Yield,2024-03-17,3288,74,36,11
Rajasthan,Indore,Ludhiana Mkt,Wheat,Hybrid,2024-03-18,2676,165,36,30
Maharashtra,Pune,Patna Mkt,Sugarcane,High Yield,2024-03-19,6108,188,24,67
Rajasthan,Indore,Indore Mkt,Wheat,Common,2024-03-20,3262,77,33,14
Madhya Pradesh,Mysore,Pune Mkt,Maize,High Yield,2024-03-21,6258,89,17,61
Rajasthan,Patna,Ahmedabad Mkt,Sugarcane,Desi,2024-03-22,2430,175,43,54
Bihar,Mysore,Kanpur Mkt,Cotton,Long Staple,2024-03-23,6100,20,26,94
Maharashtra,Pune,Coimbatore Mkt,Cotton,Basmati,2024-03-24,1087,53,43,29
Bihar,Patna,Ludhiana Mkt,Soybean,Long Staple,2024-03-25,6753,183,30,70
Bihar,Mysore,Coimbatore Mkt,Wheat,Co-86032,2024-03-26,5082,221,31,47
Karnataka,Ludhiana,Pune Mkt,Rice,Basmati,2024-03-27,2707,178,21,29
Maharashtra,Pune,Indore Mkt,Maize,Co-86032,2024-03-28,1961,275,27,34
Bihar,Mysore,Ludhiana Mkt,Cotton,Co-86032,2024-03-29,929,111,38,11
Karnataka,Ludhiana,Ludhiana Mkt,Barley,Common,2024-03-30,7137,223,16,41
Karnataka,Ludhiana,Jaipur Mkt,Ragi,Common,2024-03-31,3163,213,18,35
Maharashtra,Kanpur,Ahmedabad Mkt,Ragi,IR64,2024-04-01,6783,58,24,79
Gujarat,Pune,Ludhiana Mkt,Bajra,Local,2024-04-02,943,108,21,50
West Bengal,Ludhiana,Jaipur Mkt,Rice,IR64,2024-04-03,815,156,38,76
Madhya Pradesh,Kanpur,Jaipur Mkt,Ragi,IR64,2024-04-04,7366,190,31,10
West Bengal,Mysore,Pune Mkt,Bajra,Local,2024-04-05,1044,199,34,60
Rajasthan,Coimbatore,Mysore Mkt,Wheat,Hybrid,2024-04-06,1726,195,20,14
Madhya Pradesh,Pune,Coimbatore Mkt,Cotton,Basmati,2024-04-07,3978,34,33,22
Rajasthan,Patna,Indore Mkt,Cotton,Improved,2024-04-08,2976,245,19,28
Bihar,Indore,Kolkata Mkt,Barley,IR64,2024-04-09,5802,236,24,21
Punjab,Indore,Coimbatore Mkt,Sugarcane,High Yield,2024-04-10,1686,103,23,57
Maharashtra,Mysore,Ludhiana Mkt,Ragi,High Yield,2024-04-11,1140,6,41,34
Madhya Pradesh,Kolkata,Indore Mkt,Wheat,Co-86032,2024-04-12,2851,282,27,66
Madhya Pradesh,Kolkata,Kanpur Mkt,Mustard,Local,2024-04-13,4198,0,33,44
Bihar,Mysore,Mysore Mkt,Ragi,Co-86032,2024-04-14,6329,218,35,85
Gujarat,Ludhiana,Kanpur Mkt,Rice,Desi,2024-04-15,4750,229,38,14
Karnataka,Pune,Kanpur Mkt,Sugarcane,Desi,2024-04-16,1105,171,20,31
Bihar,Indore,Ahmedabad Mkt,Ragi,Improved,2024-04-17,1707,86,18,86
Uttar Pradesh,Indore,Coimbatore Mkt,Wheat,Common,2024-04-18,3454,40,38,66
Karnataka,Ludhiana,Kolkata Mkt,Ragi,Common,2024-04-19,4592,122,41,56
Maharashtra,Indore,Pune Mkt,Rice,Local,2024-04-20,4842,297,17,63
Karnataka,Patna,Kolkata Mkt,Mustard,Local,2024-04-21,2171,177,17,12
Gujarat,Pune,Kanpur Mkt,Maize,IR64,2024-04-22,7935,62,18,62
Karnataka,Jaipur,Ludhiana Mkt,Soybean,Desi,2024-04-23,1120,164,39,93
Maharashtra,Indore,Mysore Mkt,Mustard,IR64,2024-04-24,5454,186,19,40
Gujarat,Mysore,Patna Mkt,Bajra,Common,2024-04-25,4859,208,22,78
West Bengal,Patna,Kolkata Mkt,Ragi,Basmati,2024-04-26,6100,226,30,97
Madhya Pradesh,Indore,Kanpur Mkt,Cotton,Basmati,2024-04-27,7561,47,36,42
Madhya Pradesh,Patna,Mysore Mkt,Barley,Local,2024-04-28,7654,223,17,81
Rajasthan,Kanpur,Indore Mkt,Cotton,Co-86032,2024-04-29,6305,2,38,97
West Bengal,Jaipur,Coimbatore Mkt,Mustard,Common,2024-04-30,6537,174,26,59
West Bengal,Ahmedabad,Jaipur Mkt,Cotton,Basmati,2024-05-01,1931,98,39,93
Karnataka,Mysore,Ahmedabad Mkt,Wheat,Common,2024-05-02,3378,115,22,25
Madhya Pradesh,Mysore,Mysore Mkt,Cotton,Long Staple,2024-05-03,7353,269,27,85
Maharashtra,Pune,Ludhiana Mkt,Sugarcane,High Yield,2024-05-04,4842,252,18,86
Tamil Nadu,Patna,Ludhiana Mkt,Maize,Desi,2024-05-05,4167,94,28,48
Tamil Nadu,Ludhiana,Mysore Mkt,Ragi,IR64,2024-05-06,1617,272,28,98
Gujarat,Mysore,Ludhiana Mkt,Cotton,Common,2024-05-07,6090,23,27,55
Madhya Pradesh,Patna,Coimbatore Mkt,Rice,High Yield,2024-05-08,7436,115,41,97
Madhya Pradesh,Patna,Ludhiana Mkt,Maize,Long Staple,2024-05-09,811,150,20,56
Tamil Nadu,Coimbatore,Kolkata Mkt,Maize,IR64,2024-05-10,994,49,31,53
Madhya Pradesh,Coimbatore,Jaipur Mkt,Cotton,Common,2024-05-11,3337,205,18,18
Karnataka,Ahmedabad,Ludhiana Mkt,Maize,Local,2024-05-12,3642,78,22,96
Uttar Pradesh,Kanpur,Jaipur Mkt,Barley,High Yield,2024-05-13,7824,69,31,59
Punjab,Ahmedabad,Kanpur Mkt,Cotton,IR64,2024-05-14,3029,26,17,86
West Bengal,Indore,Pune Mkt,Wheat,Common,2024-05-15,3809,270,31,69
Rajasthan,Ludhiana,Coimbatore Mkt,Mustard,High Yield,2024-05-16,5551,49,23,24
Gujarat,Indore,Pune Mkt,Sugarcane,Long Staple,2024-05-17,6817,291,16,45
Uttar Pradesh,Kolkata,Kanpur Mkt,Soybean,Common,2024-05-18,7637,246,39,72
Tamil Nadu,Indore,Coimbatore Mkt,Bajra,Common,2024-05-19,2877,263,27,78
West Bengal,Pune,Mysore Mkt,Maize,Common,2024-05-20,6515,78,34,95
Madhya Pradesh,Indore,Mysore Mkt,Wheat,Improved,2024-05-21,4667,189,16,89
Rajasthan,Ahmedabad,Jaipur Mkt,Ragi,Local,2024-05-22,6015,46,34,50
Madhya Pradesh,Mysore,Kanpur Mkt,Ragi,Long Staple,2024-05-23,5673,188,42,83
Maharashtra,Mysore,Jaipur Mkt,Bajra,IR64,2024-05-24,1243,255,25,33
Maharashtra,Coimbatore,Ahmedabad Mkt,Sugarcane,Improved,2024-05-25,1097,221,41,91
Rajasthan,Ludhiana,Ludhiana Mkt,Maize,Co-86032,2024-05-26,5703,240,40,58
Rajasthan,Ludhiana,Patna Mkt,Barley,Improved,2024-05-27,6656,268,36,27
Tamil Nadu,Pune,Ahmedabad Mkt,Bajra,Desi,2024-05-28,1644,0,29,16
Rajasthan,Ahmedabad,Ludhiana Mkt,Sugarcane,Desi,2024-05-29,1815,33,25,13
Karnataka,Coimbatore,Coimbatore Mkt,Maize,Common,2024-05-30,2184,78,37,99
Madhya Pradesh,Kolkata,Jaipur Mkt,Wheat,Improved,2024-05-31,2197,235,17,78
Uttar Pradesh,Ludhiana,Coimbatore Mkt,Mustard,Co-86032,2024-06-01,1353,97,17,69
Bihar,Mysore,Coimbatore Mkt,Barley,Improved,2024-06-02,3150,81,42,64
Rajasthan,Indore,Ludhiana Mkt,Soybean,Local,2024-06-03,5316,191,40,25
Gujarat,Indore,Kanpur Mkt,Ragi,Local,2024-06-04,2069,252,26,99
Maharashtra,Coimbatore,Ludhiana Mkt,Rice,Co-86032,2024-06-05,2060,37,38,91
Karnataka,Ahmedabad,Indore Mkt,Wheat,Improved,2024-06-06,984,13,19,38
West Bengal,Ahmedabad,Mysore Mkt,Ragi,High Yield,2024-06-07,5363,208,34,32
Bihar,Kanpur,Mysore Mkt,Cotton,Local,2024-06-08,7697,88,21,23
Uttar Pradesh,Jaipur,Ahmedabad Mkt,Rice,Local,2024-06-09,3210,55,21,88
Bihar,Ludhiana,Mysore Mkt,Ragi,Basmati,2024-06-10,6202,93,27,58
Rajasthan,Ahmedabad,Ludhiana Mkt,Sugarcane,Improved,2024-06-11,6472,92,23,42
Tamil Nadu,Mysore,Kolkata Mkt,Barley,Local,2024-06-12,5231,84,39,34
Maharashtra,Coimbatore,Jaipur Mkt,Ragi,Long Staple,2024-06-13,3009,244,35,30
Maharashtra,Kolkata,Ludhiana Mkt,Soybean,Improved,2024-06-14,6393,21,27,26
West Bengal,Kanpur,Ludhiana Mkt,Mustard,Desi,2024-06-15,4472,290,26,32
Tamil Nadu,Patna,Patna Mkt,Sugarcane,Basmati,2024-06-16,6955,271,27,66
Madhya Pradesh,Pune,Jaipur Mkt,Wheat,Local,2024-06-17,6343,121,38,90
Punjab,Kolkata,Indore Mkt,Wheat,Basmati,2024-06-18,5483,127,24,67
Karnataka,Patna,Mysore Mkt,Wheat,Desi,2024-06-19,2681,112,15,23
Maharashtra,Indore,Jaipur Mkt,Wheat,Co-86032,2024-06-20,5096,272,39,29
Gujarat,Pune,Mysore Mkt,Mustard,Co-86032,2024-06-21,1321,129,22,39
Maharashtra,Ludhiana,Ahmedabad Mkt,Ragi,Improved,2024-06-22,2687,131,36,28
Bihar,Mysore,Jaipur Mkt,Maize,Desi,2024-06-23,3352,84,30,62
Maharashtra,Pune,Mysore Mkt,Ragi,Hybrid,2024-06-24,4609,80,27,65
Maharashtra,Jaipur,Indore Mkt,Cotton,Hybrid,2024-06-25,6607,68,17,86
Punjab,Patna,Pune Mkt,Barley,Improved,2024-06-26,5683,147,17,91
Punjab,Ludhiana,Coimbatore Mkt,Rice,Common,2024-06-27,4955,15,38,32
Uttar Pradesh,Jaipur,Coimbatore Mkt,Maize,Basmati,2024-06-28,5473,104,19,71
Madhya Pradesh,Indore,Indore Mkt,Maize,Basmati,2024-06-29,5216,164,40,42
Gujarat,Jaipur,Patna Mkt,Ragi,Co-86032,2024-06-30,6354,200,25,27
Maharashtra,Kanpur,Pune Mkt,Maize,Hybrid,2024-07-01,4279,196,44,82
Maharashtra,Kanpur,Ahmedabad Mkt,Bajra,IR64,2024-07-02,6933,184,21,42
Karnataka,Coimbatore,Indore Mkt,Bajra,Local,2024-07-03,5818,264,35,41
Punjab,Kolkata,Coimbatore Mkt,Cotton,Local,2024-07-04,2209,99,38,70
Gujarat,Kolkata,Coimbatore Mkt,Rice,Local,2024-07-05,2494,213,24,63
West Bengal,Ludhiana,Coimbatore Mkt,Soybean,Co-86032,2024-07-06,5464,277,24,26
Uttar Pradesh,Indore,Kanpur Mkt,Mustard,Desi,2024-07-07,5997,161,34,28
Madhya Pradesh,Ahmedabad,Indore Mkt,Ragi,High Yield,2024-07-08,1326,156,16,79
Tamil Nadu,Kanpur,Ludhiana Mkt,Mustard,Hybrid,2024-07-09,7467,250,17,43
Madhya Pradesh,Ludhiana,Ahmedabad Mkt,Soybean,Hybrid,2024-07-10,3460,96,22,93
Bihar,Ahmedabad,Coimbatore Mkt,Ragi,IR64,2024-07-11,2972,17,25,34
Maharashtra,Kolkata,Mysore Mkt,Ragi,Basmati,2024-07-12,5766,96,27,77
Uttar Pradesh,Coimbatore,Indore Mkt,Rice,Common,2024-07-13,1079,0,21,83
Bihar,Jaipur,Kanpur Mkt,Mustard,Improved,2024-07-14,3764,215,27,83
Gujarat,Kanpur,Indore Mkt,Bajra,Basmati,2024-07-15,4777,131,16,97
Tamil Nadu,Ludhiana,Ahmedabad Mkt,Wheat,Desi,2024-07-16,3469,259,20,94
Punjab,Pune,Kanpur Mkt,Mustard,Improved,2024-07-17,3693,124,23,20
Uttar Pradesh,Ahmedabad,Ahmedabad Mkt,Barley,Hybrid,2024-07-18,6788,81,34,25
Uttar Pradesh,Jaipur,Indore Mkt,Barley,Desi,2024-07-19,2551,282,39,99
Maharashtra,Kanpur,Ludhiana Mkt,Ragi,Improved,2024-07-20,4781,170,16,70
Rajasthan,Kolkata,Ahmedabad Mkt,Wheat,IR64,2024-07-21,5569,58,32,89
Uttar Pradesh,Indore,Kanpur Mkt,Sugarcane,IR64,2024-07-22,6047,31,30,16
Karnataka,Ahmedabad,Kanpur Mkt,Soybean,Long Staple,2024-07-23,3161,160,39,25
Tamil Nadu,Kolkata,Ahmedabad Mkt,Cotton,High Yield,2024-07-24,5227,283,26,25
Tamil Nadu,Kanpur,Kolkata Mkt,Wheat,IR64,2024-07-25,6069,105,21,49
Karnataka,Ahmedabad,Indore Mkt,Cotton,Hybrid,2024-07-26,6935,104,21,21
West Bengal,Jaipur,Kolkata Mkt,Mustard,Common,2024-07-27,6373,227,31,44
Karnataka,Kanpur,Patna Mkt,Mustard,Local,2024-07-28,4931,187,27,30
Karnataka,Patna,Indore Mkt,Cotton,Long Staple,2024-07-29,2508,69,25,59
Tamil Nadu,Ludhiana,Ahmedabad Mkt,Soybean,Local,2024-07-30,6339,289,20,52
Madhya Pradesh,Jaipur,Pune Mkt,Wheat,High Yield,2024-07-31,7989,86,43,26
Tamil Nadu,Ahmedabad,Ahmedabad Mkt,Sugarcane,Improved,2024-08-01,7149,55,37,41
Rajasthan,Indore,Kolkata Mkt,Ragi,Co-86032,2024-08-02,3486,112,41,50
Maharashtra,Kolkata,Ludhiana Mkt,Rice,IR64,2024-08-03,3695,12,28,15
Bihar,Pune,Ahmedabad Mkt,Mustard,Common,2024-08-04,6275,17,20,97
Madhya Pradesh,Kolkata,Ahmedabad Mkt,Barley,High Yield,2024-08-05,5335,181,20,36
Punjab,Ahmedabad,Ludhiana Mkt,Soybean,Local,2024-08-06,3576,112,16,29
Bihar,Kolkata,Ahmedabad Mkt,Rice,Long Staple,2024-08-07,1919,228,36,34
Maharashtra,Ludhiana,Coimbatore Mkt,Sugarcane,IR64,2024-08-08,3788,170,34,75
Rajasthan,Kanpur,Pune Mkt,Maize,Hybrid,2024-08-09,5059,294,39,18
Rajasthan,Pune,Mysore Mkt,Ragi,IR64,2024-08-10,5043,188,29,62
Punjab,Mysore,Pune Mkt,Mustard,Long Staple,2024-08-11,7237,78,42,70
Madhya Pradesh,Ahmedabad,Ahmedabad Mkt,Ragi,Long Staple,2024-08-12,994,145,31,47
West Bengal,Coimbatore,Coimbatore Mkt,Rice,Co-86032,2024-08-13,1462,181,43,12
Karnataka,Mysore,Indore Mkt,Ragi,IR64,2024-08-14,1279,285,22,93
Madhya Pradesh,Kolkata,Ahmedabad Mkt,Maize,IR64,2024-08-15,5018,249,19,79
West Bengal,Ahmedabad,Kolkata Mkt,Rice,Co-86032,2024-08-16,2223,195,31,64
Rajasthan,Patna,Coimbatore Mkt,Mustard,Desi,2024-08-17,7642,70,34,10
Tamil Nadu,Coimbatore,Ludhiana Mkt,Wheat,Desi,2024-08-18,5860,247,15,79
Maharashtra,Pune,Coimbatore Mkt,Barley,Improved,2024-08-19,3508,145,36,54
Punjab,Indore,Ludhiana Mkt,Rice,Desi,2024-08-20,3975,105,32,56
Maharashtra,Patna,Patna Mkt,Bajra,Basmati,2024-08-21,6674,262,29,88
Gujarat,Mysore,Mysore Mkt,Maize,IR64,2024-08-22,6381,295,19,35
Gujarat,Kanpur,Jaipur Mkt,Rice,Common,2024-08-23,4614,69,21,23
Madhya Pradesh,Ludhiana,Coimbatore Mkt,Rice,IR64,2024-08-24,2814,192,32,63
Rajasthan,Indore,Kanpur Mkt,Bajra,Basmati,2024-08-25,4589,67,20,80
Rajasthan,Patna,Kolkata Mkt,Mustard,Basmati,2024-08-26,5605,51,36,55
Karnataka,Kanpur,Ahmedabad Mkt,Rice,Local,2024-08-27,3243,284,35,40
Karnataka,Kanpur,Kolkata Mkt,Barley,IR64,2024-08-28,1711,8,19,97
Karnataka,Ahmedabad,Pune Mkt,Ragi,High Yield,2024-08-29,6256,250,44,68
Tamil Nadu,Patna,Jaipur Mkt,Mustard,Basmati,2024-08-30,7948,297,33,38
Bihar,Pune,Pune Mkt,Barley,Common,2024-08-31,4013,183,24,26
Uttar Pradesh,Kolkata,Patna Mkt,Mustard,Co-86032,2024-09-01,3164,178,29,23
Bihar,Coimbatore,Jaipur Mkt,Barley,Improved,2024-09-02,6630,197,24,45
Maharashtra,Coimbatore,Jaipur Mkt,Maize,Local,2024-09-03,4429,127,41,67
Bihar,Mysore,Pune Mkt,Barley,Co-86032,2024-09-04,6719,19,30,33
Tamil Nadu,Mysore,Ludhiana Mkt,Cotton,Local,2024-09-05,6475,64,26,72
Maharashtra,Coimbatore,Pune Mkt,Barley,Common,2024-09-06,4272,181,32,34
Bihar,Pune,Kolkata Mkt,Wheat,Long Staple,2024-09-07,1480,240,37,68
Tamil Nadu,Ludhiana,Ludhiana Mkt,Wheat,IR64,2024-09-08,6229,23,15,41
Uttar Pradesh,Jaipur,Kolkata Mkt,Soybean,Hybrid,2024-09-09,7438,82,30,91
Bihar,Kolkata,Patna Mkt,Cotton,High Yield,2024-09-10,5451,184,36,27
Tamil Nadu,Ludhiana,Ahmedabad Mkt,Cotton,Co-86032,2024-09-11,1409,98,20,46
Karnataka,Ahmedabad,Indore Mkt,Ragi,IR64,2024-09-12,2956,61,17,35
Rajasthan,Jaipur,Ludhiana Mkt,Cotton,High Yield,2024-09-13,4666,285,16,18
Karnataka,Jaipur,Patna Mkt,Ragi,Long Staple,2024-09-14,1171,21,42,73
Rajasthan,Patna,Kanpur Mkt,Soybean,Hybrid,2024-09-15,7798,211,16,81
Punjab,Pune,Patna Mkt,Soybean,High Yield,2024-09-16,1415,125,44,29
Punjab,Pune,Pune Mkt,Maize,High Yield,2024-09-17,7711,41,27,63
Punjab,Jaipur,Pune Mkt,Wheat,Co-86032,2024-09-18,6810,97,23,95
Uttar Pradesh,Patna,Indore Mkt,Barley,Desi,2024-09-19,3053,30,30,92
Karnataka,Kolkata,Patna Mkt,Barley,Hybrid,2024-09-20,5742,157,41,39
Rajasthan,Jaipur,Mysore Mkt,Bajra,IR64,2024-09-21,4938,111,19,62
Tamil Nadu,Indore,Ahmedabad Mkt,Bajra,Long Staple,2024-09-22,1664,246,37,72
Maharashtra,Mysore,Pune Mkt,Sugarcane,Hybrid,2024-09-23,2068,121,42,20
Tamil Nadu,Mysore,Indore Mkt,Mustard,Common,2024-09-24,6274,272,35,40
Maharashtra,Ludhiana,Ahmedabad Mkt,Maize,Desi,2024-09-25,1584,293,21,58
Gujarat,Ahmedabad,Patna Mkt,Sugarcane,Common,2024-09-26,5371,206,27,96
Tamil Nadu,Mysore,Patna Mkt,Sugarcane,Long Staple,2024-09-27,4978,109,34,28
Bihar,Kanpur,Jaipur Mkt,Rice,Co-86032,2024-09-28,6029,277,38,21
Bihar,Ludhiana,Indore Mkt,Rice,Co-86032,2024-09-29,3037,55,43,24
Madhya Pradesh,Mysore,Pune Mkt,Sugarcane,Long Staple,2024-09-30,4854,56,41,40
Karnataka,Ahmedabad,Mysore Mkt,Cotton,Local,2024-10-01,5695,290,44,52
Maharashtra,Pune,Patna Mkt,Mustard,Long Staple,2024-10-02,1735,113,40,46
Maharashtra,Pune,Mysore Mkt,Maize,Desi,2024-10-03,4780,197,27,88
Karnataka,Kolkata,Patna Mkt,Sugarcane,Basmati,2024-10-04,7194,178,41,38
Uttar Pradesh,Jaipur,Pune Mkt,Barley,Co-86032,2024-10-05,3138,218,40,35
Madhya Pradesh,Indore,Ahmedabad Mkt,Mustard,Improved,2024-10-06,6564,276,21,11
Uttar Pradesh,Pune,Coimbatore Mkt,Rice,Desi,2024-10-07,1125,15,24,93
Uttar Pradesh,Patna,Ahmedabad Mkt,Barley,Desi,2024-10-08,2334,60,29,24
Uttar Pradesh,Mysore,Patna Mkt,Rice,Desi,2024-10-09,4280,53,35,13
Karnataka,Patna,Kolkata Mkt,Rice,High Yield,2024-10-10,4661,167,41,95
Uttar Pradesh,Ahmedabad,Coimbatore Mkt,Mustard,Desi,2024-10-11,2785,25,20,59
Bihar,Pune,Coimbatore Mkt,Rice,Co-86032,2024-10-12,6860,64,19,47
Punjab,Indore,Mysore Mkt,Soybean,Basmati,2024-10-13,5732,99,37,32
Gujarat,Ahmedabad,Indore Mkt,Wheat,Basmati,2024-10-14,5403,73,42,68
Maharashtra,Kanpur,Mysore Mkt,Soybean,Desi,2024-10-15,3578,191,16,99
Maharashtra,Kanpur,Mysore Mkt,Wheat,Common,2024-10-16,7015,170,35,84
Gujarat,Patna,Kolkata Mkt,Bajra,Co-86032,2024-10-17,2070,272,29,37
Karnataka,Jaipur,Ahmedabad Mkt,Bajra,Co-86032,2024-10-18,1440,186,40,75
Tamil Nadu,Ludhiana,Ahmedabad Mkt,Rice,Hybrid,2024-10-19,7883,22,30,17
Karnataka,Jaipur,Kanpur Mkt,Maize,IR64,2024-10-20,6774,180,33,38
Maharashtra,Kolkata,Patna Mkt,Maize,Local,2024-10-21,5503,107,23,20
Maharashtra,Jaipur,Kolkata Mkt,Wheat,Local,2024-10-22,6854,161,43,27
Gujarat,Kolkata,Kanpur Mkt,Barley,Common,2024-10-23,4878,205,36,64
Uttar Pradesh,Kolkata,Pune Mkt,Mustard,Local,2024-10-24,5461,77,43,59
Karnataka,Indore,Patna Mkt,Rice,Hybrid,2024-10-25,2167,15,40,23
Rajasthan,Pune,Patna Mkt,Mustard,Long Staple,2024-10-26,4842,95,33,83
Gujarat,Indore,Jaipur Mkt,Soybean,Local,2024-10-27,6997,146,21,18
Bihar,Kolkata,Jaipur Mkt,Maize,Co-86032,2024-10-28,6649,1,18,20
Maharashtra,Ahmedabad,Ludhiana Mkt,Cotton,Long Staple,2024-10-29,3375,9,44,72
Gujarat,Kanpur,Ludhiana Mkt,Soybean,Local,2024-10-30,7554,124,17,85
Karnataka,Kolkata,Mysore Mkt,Soybean,Co-86032,2024-10-31,4403,80,38,76
Maharashtra,Indore,Pune Mkt,Wheat,Co-86032,2024-11-01,2381,139,43,62
Tamil Nadu,Ahmedabad,Coimbatore Mkt,Ragi,Desi,2024-11-02,2786,149,34,48
Gujarat,Indore,Coimbatore Mkt,Soybean,Basmati,2024-11-03,3040,287,25,87
Madhya Pradesh,Jaipur,Jaipur Mkt,Rice,Common,2024-11-04,4766,128,15,65
Maharashtra,Mysore,Jaipur Mkt,Sugarcane,Hybrid,2024-11-05,2905,238,20,37
Karnataka,Patna,Jaipur Mkt,Sugarcane,High Yield,2024-11-06,928,57,40,84
Punjab,Ludhiana,Kolkata Mkt,Rice,IR64,2024-11-07,6768,197,25,48
Rajasthan,Indore,Indore Mkt,Ragi,Local,2024-11-08,5601,210,41,34
West Bengal,Ludhiana,Ludhiana Mkt,Ragi,Local,2024-11-09,4796,44,15,30
Uttar Pradesh,Coimbatore,Kolkata Mkt,Wheat,Long Staple,2024-11-10,1651,96,35,19
West Bengal,Indore,Ahmedabad Mkt,Maize,Long Staple,2024-11-11,4903,278,21,52
Karnataka,Mysore,Coimbatore Mkt,Mustard,IR64,2024-11-12,2876,22,20,24
Bihar,Ludhiana,Patna Mkt,Ragi,Local,2024-11-13,6031,43,28,92
Bihar,Kolkata,Ludhiana Mkt,Cotton,Improved,2024-11-14,3794,26,16,57
Punjab,Indore,Kanpur Mkt,Wheat,Hybrid,2024-11-15,4544,281,41,95
Uttar Pradesh,Pune,Ahmedabad Mkt,Bajra,Local,2024-11-16,7074,96,18,30
Madhya Pradesh,Patna,Ludhiana Mkt,Barley,Basmati,2024-11-17,7131,35,25,69
Punjab,Mysore,Kolkata Mkt,Bajra,IR64,2024-11-18,6594,108,29,59
West Bengal,Ludhiana,Pune Mkt,Wheat,Improved,2024-11-19,3556,54,32,32
Punjab,Mysore,Patna Mkt,Soybean,Hybrid,2024-11-20,6394,191,41,22
West Bengal,Ahmedabad,Ludhiana Mkt,Mustard,Local,2024-11-21,7155,218,15,78
Maharashtra,Patna,Indore Mkt,Barley,High Yield,2024-11-22,2444,184,17,13
Bihar,Kolkata,Jaipur Mkt,Bajra,Desi,2024-11-23,5171,68,17,87
Maharashtra,Indore,Jaipur Mkt,Barley,Basmati,2024-11-24,3944,129,42,81
Rajasthan,Indore,Patna Mkt,Cotton,High Yield,2024-11-25,6598,54,21,18
Uttar Pradesh,Indore,Kolkata Mkt,Cotton,Long Staple,2024-11-26,6691,96,15,44
Madhya Pradesh,Patna,Jaipur Mkt,Cotton,Long Staple,2024-11-27,1042,86,39,30
West Bengal,Pune,Ludhiana Mkt,Wheat,Local,2024-11-28,4885,293,25,67
Madhya Pradesh,Coimbatore,Kanpur Mkt,Mustard,Long Staple,2024-11-29,7930,118,20,27
West Bengal,Kanpur,Coimbatore Mkt,Wheat,Basmati,2024-11-30,7628,207,34,81
Karnataka,Jaipur,Coimbatore Mkt,Sugarcane,Hybrid,2024-12-01,970,153,17,90
Punjab,Ludhiana,Ahmedabad Mkt,Soybean,Co-86032,2024-12-02,1452,34,33,52
Rajasthan,Pune,Mysore Mkt,Soybean,Common,2024-12-03,6828,78,16,15
Bihar,Kolkata,Pune Mkt,Cotton,IR64,2024-12-04,7131,66,32,95
West Bengal,Ludhiana,Patna Mkt,Sugarcane,Hybrid,2024-12-05,4312,33,44,87
Madhya Pradesh,Indore,Ahmedabad Mkt,Ragi,Co-86032,2024-12-06,6005,96,26,76
Rajasthan,Mysore,Mysore Mkt,Ragi,Improved,2024-12-07,2299,168,43,21
Tamil Nadu,Kolkata,Kolkata Mkt,Cotton,Basmati,2024-12-08,2899,168,24,21
Tamil Nadu,Ludhiana,Indore Mkt,Bajra,High Yield,2024-12-09,2958,150,19,75
Maharashtra,Indore,Indore Mkt,Wheat,Co-86032,2024-12-10,2772,70,23,11
Bihar,Ludhiana,Pune Mkt,Cotton,Basmati,2024-12-11,7820,2,16,24
Karnataka,Mysore,Jaipur Mkt,Maize,Desi,2024-12-12,4725,31,16,32
Madhya Pradesh,Indore,Ludhiana Mkt,Barley,High Yield,2024-12-13,5962,286,42,38
Punjab,Coimbatore,Ahmedabad Mkt,Soybean,Long Staple,2024-12-14,3058,81,20,90
Punjab,Pune,Ahmedabad Mkt,Ragi,Long Staple,2024-12-15,4839,42,43,16
Madhya Pradesh,Ahmedabad,Patna Mkt,Rice,High Yield,2024-12-16,2835,104,24,37
Uttar Pradesh,Jaipur,Patna Mkt,Ragi,Improved,2024-12-17,4071,0,32,23
Karnataka,Patna,Indore Mkt,Soybean,Improved,2024-12-18,1657,60,26,53
Rajasthan,Jaipur,Indore Mkt,Barley,Improved,2024-12-19,4623,269,18,39
West Bengal,Kolkata,Kanpur Mkt,Soybean,Co-86032,2024-12-20,7570,179,36,90
Uttar Pradesh,Jaipur,Kanpur Mkt,Rice,IR64,2024-12-21,1849,223,35,41
West Bengal,Indore,Jaipur Mkt,Cotton,Co-86032,2024-12-22,4790,5,31,79
West Bengal,Coimbatore,Kanpur Mkt,Sugarcane,Local,2024-12-23,1098,102,29,97
Uttar Pradesh,Ahmedabad,Ludhiana Mkt,Rice,Common,2024-12-24,1723,9,20,15
Maharashtra,Pune,Ludhiana Mkt,Soybean,High Yield,2024-12-25,5032,70,30,36
Tamil Nadu,Pune,Ahmedabad Mkt,Soybean,Hybrid,2024-12-26,5939,89,31,91
West Bengal,Mysore,Coimbatore Mkt,Maize,Common,2024-12-27,7383,225,17,97
Uttar Pradesh,Patna,Ludhiana Mkt,Maize,Desi,2024-12-28,5106,157,24,33
Uttar Pradesh,Ludhiana,Mysore Mkt,Mustard,Co-86032,2024-12-29,3599,227,19,43
Gujarat,Coimbatore,Indore Mkt,Maize,Co-86032,2024-12-30,6470,125,28,49
Maharashtra,Ludhiana,Patna Mkt,Wheat,Basmati,2024-12-31,7378,208,40,56
Bihar,Ahmedabad,Kanpur Mkt,Sugarcane,Common,2025-01-01,5675,96,43,88
Gujarat,Jaipur,Ahmedabad Mkt,Barley,Basmati,2025-01-02,6126,73,35,84
Gujarat,Pune,Pune Mkt,Rice,Hybrid,2025-01-03,4862,114,27,95
Madhya Pradesh,Ahmedabad,Patna Mkt,Soybean,Basmati,2025-01-04,7382,190,40,33
Tamil Nadu,Jaipur,Mysore Mkt,Mustard,Common,2025-01-05,4845,169,20,74
Uttar Pradesh,Pune,Kanpur Mkt,Mustard,High Yield,2025-01-06,2602,203,26,27
Tamil Nadu,Jaipur,Mysore Mkt,Barley,Desi,2025-01-07,3513,55,40,53
Karnataka,Patna,Indore Mkt,Sugarcane,Co-86032,2025-01-08,5961,207,22,85
Madhya Pradesh,Coimbatore,Indore Mkt,Rice,Hybrid,2025-01-09,5306,40,19,66
Bihar,Kolkata,Jaipur Mkt,Ragi,Co-86032,2025-01-10,3653,31,44,37
Tamil Nadu,Ahmedabad,Ahmedabad Mkt,Maize,Local,2025-01-11,3457,14,29,80
Punjab,Ahmedabad,Patna Mkt,Cotton,Desi,2025-01-12,5322,61,41,32
West Bengal,Kanpur,Kolkata Mkt,Mustard,IR64,2025-01-13,4146,154,30,94
Karnataka,Indore,Kolkata Mkt,Maize,Basmati,2025-01-14,2271,283,15,43
Maharashtra,Patna,Patna Mkt,Maize,Long Staple,2025-01-15,3749,208,30,20
Bihar,Patna,Pune Mkt,Wheat,Common,2025-01-16,1741,186,19,95
Karnataka,Ludhiana,Ahmedabad Mkt,Sugarcane,Co-86032,2025-01-17,2707,129,17,44
West Bengal,Jaipur,Mysore Mkt,Cotton,Basmati,2025-01-18,5637,126,34,51
Madhya Pradesh,Indore,Pune Mkt,Ragi,Hybrid,2025-01-19,6288,291,29,37
West Bengal,Coimbatore,Coimbatore Mkt,Soybean,Co-86032,2025-01-20,2043,113,27,91
Gujarat,Coimbatore,Patna Mkt,Wheat,IR64,2025-01-21,6496,198,38,87
West Bengal,Patna,Mysore Mkt,Maize,Desi,2025-01-22,6151,12,30,91
Gujarat,Coimbatore,Kolkata Mkt,Maize,Desi,2025-01-23,5223,270,37,33
Madhya Pradesh,Kanpur,Ludhiana Mkt,Bajra,Co-86032,2025-01-24,2266,88,25,17
Rajasthan,Ahmedabad,Jaipur Mkt,Cotton,Hybrid,2025-01-25,6995,214,35,62
Gujarat,Mysore,Kolkata Mkt,Cotton,Desi,2025-01-26,4757,277,16,81
Maharashtra,Kolkata,Ahmedabad Mkt,Bajra,Desi,2025-01-27,2766,202,36,13
West Bengal,Ludhiana,Indore Mkt,Cotton,IR64,2025-01-28,1175,73,41,14
West Bengal,Jaipur,Ludhiana Mkt,Maize,Common,2025-01-29,1062,24,20,58
Maharashtra,Kolkata,Jaipur Mkt,Mustard,Hybrid,2025-01-30,5162,100,40,39
Punjab,Jaipur,Jaipur Mkt,Rice,Hybrid,2025-01-31,7302,175,40,81
Uttar Pradesh,Pune,Coimbatore Mkt,Maize,High Yield,2025-02-01,4188,116,44,72
Rajasthan,Kolkata,Coimbatore Mkt,Wheat,High Yield,2025-02-02,4195,165,41,56
Bihar,Mysore,Kanpur Mkt,Sugarcane,Desi,2025-02-03,2744,40,20,35
Gujarat,Patna,Kolkata Mkt,Bajra,Long Staple,2025-02-04,2693,119,28,66
Maharashtra,Kanpur,Kolkata Mkt,Ragi,High Yield,2025-02-05,6797,96,39,46
Madhya Pradesh,Ahmedabad,Kolkata Mkt,Soybean,Desi,2025-02-06,7595,144,25,16
Gujarat,Ahmedabad,Kanpur Mkt,Ragi,Improved,2025-02-07,4434,215,22,49
Uttar Pradesh,Kanpur,Pune Mkt,Maize,Local,2025-02-08,2452,228,22,48
Madhya Pradesh,Indore,Jaipur Mkt,Wheat,Local,2025-02-09,6340,129,15,71
Karnataka,Pune,Ludhiana Mkt,Maize,Hybrid,2025-02-10,4941,136,35,87
West Bengal,Jaipur,Ahmedabad Mkt,Sugarcane,Long Staple,2025-02-11,4692,272,21,62
Karnataka,Mysore,Jaipur Mkt,Mustard,IR64,2025-02-12,1399,116,20,13
Gujarat,Coimbatore,Coimbatore Mkt,Soybean,Common,2025-02-13,5615,93,35,91
Uttar Pradesh,Kolkata,Mysore Mkt,Sugarcane,High Yield,2025-02-14,2712,167,22,34
Rajasthan,Pune,Indore Mkt,Bajra,Improved,2025-02-15,2092,202,33,16
Gujarat,Kolkata,Kanpur Mkt,Bajra,Desi,2025-02-16,1400,148,36,37
Maharashtra,Mysore,Patna Mkt,Maize,Long Staple,2025-02-17,1180,182,35,78
Tamil Nadu,Ludhiana,Mysore Mkt,Wheat,Hybrid,2025-02-18,5013,151,38,76
Gujarat,Ludhiana,Ahmedabad Mkt,Sugarcane,High Yield,2025-02-19,4437,73,34,29
West Bengal,Pune,Kolkata Mkt,Barley,Long Staple,2025-02-20,2963,273,22,92
West Bengal,Patna,Coimbatore Mkt,Wheat,High Yield,2025-02-21,5155,41,40,20
Gujarat,Mysore,Coimbatore Mkt,Mustard,Common,2025-02-22,1898,211,28,76
Madhya Pradesh,Mysore,Coimbatore Mkt,Bajra,Common,2025-02-23,6399,100,32,96
Tamil Nadu,Kanpur,Kolkata Mkt,Maize,IR64,2025-02-24,7248,44,39,16
Maharashtra,Patna,Patna Mkt,Cotton,Local,2025-02-25,6950,81,43,32
Gujarat,Jaipur,Kanpur Mkt,Bajra,Basmati,2025-02-26,1165,16,30,70
Madhya Pradesh,Jaipur,Mysore Mkt,Soybean,Basmati,2025-02-27,6553,72,23,80
West Bengal,Coimbatore,Kolkata Mkt,Rice,High Yield,2025-02-28,3370,13,29,43
West Bengal,Ahmedabad,Ahmedabad Mkt,Cotton,IR64,2025-03-01,4219,156,44,28
Uttar Pradesh,Ludhiana,Kanpur Mkt,Maize,Basmati,2025-03-02,6357,222,40,67
Gujarat,Jaipur,Ahmedabad Mkt,Barley,Hybrid,2025-03-03,6920,131,24,18
Tamil Nadu,Patna,Kanpur Mkt,Cotton,Basmati,2025-03-04,3276,46,43,57
Punjab,Mysore,Patna Mkt,Soybean,Co-86032,2025-03-05,1590,106,36,91
Tamil Nadu,Jaipur,Indore Mkt,Wheat,Desi,2025-03-06,4369,107,30,50
West Bengal,Mysore,Ahmedabad Mkt,Barley,IR64,2025-03-07,1546,264,18,57
West Bengal,Jaipur,Kolkata Mkt,Bajra,Hybrid,2025-03-08,7310,204,34,54
Karnataka,Ludhiana,Kanpur Mkt,Barley,Long Staple,2025-03-09,1112,78,27,34
West Bengal,Kolkata,Coimbatore Mkt,Sugarcane,Hybrid,2025-03-10,5433,154,36,87
Maharashtra,Jaipur,Jaipur Mkt,Soybean,Local,2025-03-11,1720,270,19,34
Bihar,Patna,Coimbatore Mkt,Cotton,Long Staple,2025-03-12,1877,246,36,28
Gujarat,Jaipur,Pune Mkt,Sugarcane,Improved,2025-03-13,6386,18,21,48
Tamil Nadu,Ahmedabad,Indore Mkt,Barley,Desi,2025-03-14,7808,25,37,88
Bihar,Ludhiana,Indore Mkt,Sugarcane,Desi,2025-03-15,3629,216,23,89
Madhya Pradesh,Patna,Coimbatore Mkt,Ragi,Desi,2025-03-16,3181,153,22,36
Punjab,Kanpur,Mysore Mkt,Soybean,Desi,2025-03-17,4418,153,43,83
Maharashtra,Patna,Patna Mkt,Mustard,High Yield,2025-03-18,1597,173,30,72
Tamil Nadu,Ahmedabad,Ahmedabad Mkt,Wheat,Desi,2025-03-19,5243,91,20,77
Bihar,Kolkata,Kolkata Mkt,Barley,Desi,2025-03-20,1072,180,42,28
Punjab,Ludhiana,Indore Mkt,Soybean,Desi,2025-03-21,3810,130,30,37
Karnataka,Kanpur,Coimbatore Mkt,Mustard,IR64,2025-03-22,5615,297,20,94
Maharashtra,Ahmedabad,Coimbatore Mkt,Mustard,High Yield,2025-03-23,2573,274,28,87
Maharashtra,Ahmedabad,Patna Mkt,Maize,Common,2025-03-24,3347,272,35,42
Karnataka,Pune,Patna Mkt,Sugarcane,Hybrid,2025-03-25,3964,75,15,19
Gujarat,Ludhiana,Ludhiana Mkt,Mustard,Hybrid,2025-03-26,5580,176,39,92
Karnataka,Patna,Ludhiana Mkt,Ragi,Long Staple,2025-03-27,7022,183,23,39
Maharashtra,Mysore,Mysore Mkt,Soybean,IR64,2025-03-28,5517,130,39,31
Maharashtra,Kolkata,Mysore Mkt,Rice,Co-86032,2025-03-29,6935,48,41,12
Bihar,Mysore,Pune Mkt,Rice,Hybrid,2025-03-30,1746,54,38,91
West Bengal,Patna,Mysore Mkt,Barley,Basmati,2025-03-31,7301,153,27,84
Punjab,Patna,Kanpur Mkt,Bajra,Co-86032,2025-04-01,3465,199,40,57
Karnataka,Ludhiana,Patna Mkt,Sugarcane,Desi,2025-04-02,1306,117,43,11
Punjab,Patna,Kolkata Mkt,Bajra,Desi,2025-04-03,6478,262,33,85
Karnataka,Pune,Kanpur Mkt,Mustard,High Yield,2025-04-04,7519,45,31,63
Madhya Pradesh,Kanpur,Ahmedabad Mkt,Soybean,Co-86032,2025-04-05,1043,188,25,15
Maharashtra,Patna,Coimbatore Mkt,Barley,Basmati,2025-04-06,1305,128,42,49
West Bengal,Mysore,Mysore Mkt,Cotton,High Yield,2025-04-07,5317,48,42,11
Bihar,Patna,Coimbatore Mkt,Mustard,Long Staple,2025-04-08,3958,24,22,82
West Bengal,Pune,Indore Mkt,Sugarcane,Co-86032,2025-04-09,7160,265,37,11
West Bengal,Jaipur,Pune Mkt,Rice,IR64,2025-04-10,4390,117,43,83
West Bengal,Jaipur,Indore Mkt,Maize,Desi,2025-04-11,2672,143,19,64
Punjab,Ahmedabad,Pune Mkt,Soybean,Desi,2025-04-12,4593,199,24,81
Karnataka,Kolkata,Ludhiana Mkt,Wheat,Local,2025-04-13,7952,156,21,69
Rajasthan,Coimbatore,Coimbatore Mkt,Bajra,High Yield,2025-04-14,1992,133,24,15
Madhya Pradesh,Kanpur,Pune Mkt,Barley,Common,2025-04-15,5225,147,18,28
Tamil Nadu,Indore,Jaipur Mkt,Bajra,Common,2025-04-16,5545,70,23,36
West Bengal,Ahmedabad,Kanpur Mkt,Soybean,High Yield,2025-04-17,2264,232,41,10
Gujarat,Kolkata,Pune Mkt,Bajra,IR64,2025-04-18,1190,298,40,42
Punjab,Jaipur,Pune Mkt,Soybean,Improved,2025-04-19,6415,153,28,49
Bihar,Mysore,Kanpur Mkt,Bajra,High Yield,2025-04-20,5276,89,16,41
Tamil Nadu,Indore,Coimbatore Mkt,Ragi,IR64,2025-04-21,4177,198,39,78
Rajasthan,Kolkata,Coimbatore Mkt,Cotton,Long Staple,2025-04-22,5637,160,23,26
Gujarat,Kolkata,Kanpur Mkt,Mustard,Desi,2025-04-23,6906,25,35,17
Rajasthan,Ahmedabad,Indore Mkt,Mustard,Basmati,2025-04-24,5715,120,41,66
Tamil Nadu,Indore,Jaipur Mkt,Sugarcane,Improved,2025-04-25,1472,211,15,51
West Bengal,Ludhiana,Kolkata Mkt,Wheat,Co-86032,2025-04-26,3360,62,37,18
Gujarat,Coimbatore,Ahmedabad Mkt,Wheat,Improved,2025-04-27,6667,67,24,96
Rajasthan,Ludhiana,Jaipur Mkt,Sugarcane,Basmati,2025-04-28,7892,252,24,44
Bihar,Indore,Coimbatore Mkt,Maize,Local,2025-04-29,2011,1,34,80
Karnataka,Ludhiana,Kolkata Mkt,Mustard,Desi,2025-04-30,1729,107,39,88
Maharashtra,Pune,Ludhiana Mkt,Maize,Common,2025-05-01,2339,285,36,62
Karnataka,Jaipur,Mysore Mkt,Soybean,IR64,2025-05-02,1712,48,43,63
Tamil Nadu,Pune,Pune Mkt,Soybean,High Yield,2025-05-03,1443,139,17,93
Punjab,Patna,Kanpur Mkt,Rice,High Yield,2025-05-04,5322,217,20,34
Maharashtra,Ludhiana,Kanpur Mkt,Bajra,Common,2025-05-05,1301,43,43,76
Madhya Pradesh,Patna,Pune Mkt,Wheat,Improved,2025-05-06,1529,268,40,71
Bihar,Mysore,Mysore Mkt,Rice,Desi,2025-05-07,2083,77,20,64
Madhya Pradesh,Kanpur,Ahmedabad Mkt,Cotton,Hybrid,2025-05-08,2918,215,35,55
Gujarat,Mysore,Mysore Mkt,Sugarcane,IR64,2025-05-09,7421,97,16,33
Maharashtra,Indore,Kolkata Mkt,Sugarcane,Long Staple,2025-05-10,5352,235,40,55
Madhya Pradesh,Kolkata,Mysore Mkt,Soybean,Basmati,2025-05-11,7132,281,40,31
Madhya Pradesh,Jaipur,Kolkata Mkt,Mustard,Improved,2025-05-12,5186,148,32,20
Rajasthan,Ludhiana,Mysore Mkt,Maize,Co-86032,2025-05-13,4636,65,37,57
Karnataka,Ahmedabad,Ahmedabad Mkt,Wheat,Local,2025-05-14,1719,233,16,17
Rajasthan,Kanpur,Ahmedabad Mkt,Rice,High Yield,2025-05-15,4850,86,26,48
Maharashtra,Coimbatore,Coimbatore Mkt,Maize,Improved,2025-05-16,3139,78,36,44
Maharashtra,Coimbatore,Pune Mkt,Rice,Local,2025-05-17,6865,204,19,58
Tamil Nadu,Coimbatore,Ahmedabad Mkt,Bajra,Basmati,2025-05-18,1555,278,34,55
Rajasthan,Ludhiana,Kolkata Mkt,Cotton,High Yield,2025-05-19,6554,253,21,47
Uttar Pradesh,Coimbatore,Ahmedabad Mkt,Cotton,High Yield,2025-05-20,6730,129,38,17
Karnataka,Pune,Coimbatore Mkt,Maize,Hybrid,2025-05-21,6202,83,30,63
Maharashtra,Kanpur,Kanpur Mkt,Maize,Improved,2025-05-22,6463,275,34,46
Tamil Nadu,Pune,Kolkata Mkt,Maize,Desi,2025-05-23,2669,186,15,49
Rajasthan,Kolkata,Coimbatore Mkt,Rice,Common,2025-05-24,5272,45,15,43
Karnataka,Kanpur,Indore Mkt,Bajra,Common,2025-05-25,6075,182,31,88
Rajasthan,Pune,Indore Mkt,Ragi,Long Staple,2025-05-26,1307,267,41,26
Madhya Pradesh,Kanpur,Ludhiana Mkt,Maize,Co-86032,2025-05-27,2236,295,15,42
Tamil Nadu,Kolkata,Mysore Mkt,Mustard,Local,2025-05-28,3375,99,35,56
Karnataka,Patna,Pune Mkt,Wheat,Improved,2025-05-29,4226,77,34,61
West Bengal,Ludhiana,Patna Mkt,Wheat,IR64,2025-05-30,1358,271,27,89
Gujarat,Ludhiana,Jaipur Mkt,Rice,Co-86032,2025-05-31,3902,161,44,18
Gujarat,Coimbatore,Coimbatore Mkt,Maize,Hybrid,2025-06-01,7203,43,23,42
Karnataka,Mysore,Kanpur Mkt,Soybean,High Yield,2025-06-02,5316,237,29,69
Rajasthan,Coimbatore,Jaipur Mkt,Sugarcane,Desi,2025-06-03,6448,133,17,86
Tamil Nadu,Indore,Kanpur Mkt,Ragi,Improved,2025-06-04,4422,191,28,30
Gujarat,Pune,Jaipur Mkt,Mustard,Co-86032,2025-06-05,5199,277,37,67
Tamil Nadu,Kanpur,Coimbatore Mkt,Bajra,Co-86032,2025-06-06,5837,17,25,94
Gujarat,Mysore,Patna Mkt,Soybean,Desi,2025-06-07,4857,11,38,78
Madhya Pradesh,Kolkata,Jaipur Mkt,Cotton,Long Staple,2025-06-08,4515,179,36,19
Rajasthan,Indore,Coimbatore Mkt,Soybean,Local,2025-06-09,7485,122,26,15
Madhya Pradesh,Kolkata,Ahmedabad Mkt,Rice,Local,2025-06-10,2101,245,27,22
Gujarat,Ludhiana,Patna Mkt,Ragi,Co-86032,2025-06-11,5985,221,40,74
West Bengal,Ludhiana,Kolkata Mkt,Barley,Basmati,2025-06-12,2955,50,27,29
West Bengal,Coimbatore,Kanpur Mkt,Barley,Co-86032,2025-06-13,7211,70,15,66
Madhya Pradesh,Pune,Indore Mkt,Maize,Co-86032,2025-06-14,7165,47,38,55
West Bengal,Mysore,Mysore Mkt,Maize,Desi,2025-06-15,6723,18,24,17
Gujarat,Jaipur,Indore Mkt,Rice,High Yield,2025-06-16,6449,261,17,19
Karnataka,Indore,Patna Mkt,Bajra,Desi,2025-06-17,1492,83,38,82
Madhya Pradesh,Indore,Kolkata Mkt,Maize,Improved,2025-06-18,5150,154,42,76
Punjab,Coimbatore,Kanpur Mkt,Sugarcane,Co-86032,2025-06-19,2278,52,18,20
Rajasthan,Ludhiana,Kolkata Mkt,Ragi,Local,2025-06-20,7196,106,30,21
West Bengal,Coimbatore,Jaipur Mkt,Rice,IR64,2025-06-21,1056,134,22,19
West Bengal,Kanpur,Kanpur Mkt,Wheat,Local,2025-06-22,3230,68,30,34
Maharashtra,Mysore,Jaipur Mkt,Cotton,Common,2025-06-23,1241,10,41,58
Uttar Pradesh,Pune,Coimbatore Mkt,Rice,Long Staple,2025-06-24,2681,142,31,58
Madhya Pradesh,Patna,Patna Mkt,Rice,Hybrid,2025-06-25,3446,191,33,98
Bihar,Ahmedabad,Coimbatore Mkt,Barley,Improved,2025-06-26,6009,68,36,20
West Bengal,Ahmedabad,Ludhiana Mkt,Mustard,Improved,2025-06-27,4620,22,29,71
Rajasthan,Coimbatore,Kolkata Mkt,Bajra,Long Staple,2025-06-28,7333,180,30,45
Punjab,Kanpur,Jaipur Mkt,Mustard,IR64,2025-06-29,5477,292,29,48
West Bengal,Mysore,Ahmedabad Mkt,Sugarcane,Hybrid,2025-06-30,2535,8,39,62
Punjab,Jaipur,Coimbatore Mkt,Wheat,High Yield,2025-07-01,4535,270,16,99
Gujarat,Ahmedabad,Ludhiana Mkt,Barley,Co-86032,2025-07-02,3445,92,25,87
Gujarat,Mysore,Pune Mkt,Wheat,Hybrid,2025-07-03,818,16,15,65
Uttar Pradesh,Pune,Indore Mkt,Sugarcane,IR64,2025-07-04,1924,153,29,10
Karnataka,Kolkata,Kanpur Mkt,Mustard,Basmati,2025-07-05,4785,148,40,65
Bihar,Kanpur,Ludhiana Mkt,Rice,Common,2025-07-06,3454,266,33,13
Maharashtra,Ludhiana,Patna Mkt,Maize,Hybrid,2025-07-07,6276,105,18,39
Uttar Pradesh,Mysore,Coimbatore Mkt,Maize,Hybrid,2025-07-08,6461,34,25,21
Tamil Nadu,Pune,Patna Mkt,Soybean,Common,2025-07-09,2880,118,19,44
Maharashtra,Jaipur,Indore Mkt,Cotton,Co-86032,2025-07-10,6889,13,17,86
Madhya Pradesh,Patna,Ahmedabad Mkt,Bajra,Hybrid,2025-07-11,2347,13,27,61
Rajasthan,Ludhiana,Kolkata Mkt,Sugarcane,Common,2025-07-12,1661,265,24,40
Tamil Nadu,Patna,Kolkata Mkt,Cotton,Common,2025-07-13,954,139,25,96
Tamil Nadu,Jaipur,Patna Mkt,Bajra,Common,2025-07-14,4294,293,32,77
Uttar Pradesh,Pune,Jaipur Mkt,Cotton,Desi,2025-07-15,1704,118,16,61
Karnataka,Ahmedabad,Ahmedabad Mkt,Mustard,IR64,2025-07-16,2069,237,21,89
Uttar Pradesh,Patna,Kolkata Mkt,Bajra,Desi,2025-07-17,1204,33,23,16
Madhya Pradesh,Ludhiana,Ahmedabad Mkt,Mustard,Basmati,2025-07-18,1643,168,24,31
West Bengal,Coimbatore,Ludhiana Mkt,Rice,High Yield,2025-07-19,2582,9,32,84
West Bengal,Indore,Ahmedabad Mkt,Barley,Desi,2025-07-20,2364,121,37,65
Karnataka,Mysore,Mysore Mkt,Mustard,Desi,2025-07-21,1984,144,21,67
Madhya Pradesh,Ahmedabad,Indore Mkt,Maize,IR64,2025-07-22,1546,222,41,73
Karnataka,Patna,Kolkata Mkt,Cotton,High Yield,2025-07-23,2525,256,21,21
Punjab,Kolkata,Ahmedabad Mkt,Soybean,Long Staple,2025-07-24,3988,267,17,16
West Bengal,Mysore,Patna Mkt,Ragi,Common,2025-07-25,1070,3,26,64
Tamil Nadu,Coimbatore,Pune Mkt,Bajra,Improved,2025-07-26,5665,105,21,71
Bihar,Jaipur,Mysore Mkt,Sugarcane,High Yield,2025-07-27,6611,84,31,99
Rajasthan,Indore,Mysore Mkt,Soybean,Basmati,2025-07-28,6406,213,40,82
Madhya Pradesh,Pune,Jaipur Mkt,Maize,Co-86032,2025-07-29,4756,120,15,86
Maharashtra,Coimbatore,Ahmedabad Mkt,Mustard,Basmati,2025-07-30,971,131,19,64
Karnataka,Coimbatore,Jaipur Mkt,Barley,Common,2025-07-31,1073,196,30,45
Rajasthan,Jaipur,Jaipur Mkt,Rice,High Yield,2025-08-01,3106,18,29,98
Maharashtra,Kanpur,Pune Mkt,Ragi,Basmati,2025-08-02,1958,129,16,33
Rajasthan,Jaipur,Ludhiana Mkt,Wheat,Basmati,2025-08-03,2506,11,23,53
Bihar,Kanpur,Ahmedabad Mkt,Soybean,Long Staple,2025-08-04,2571,80,21,26
Maharashtra,Kanpur,Coimbatore Mkt,Barley,Long Staple,2025-08-05,1221,261,18,11
Uttar Pradesh,Ahmedabad,Kolkata Mkt,Wheat,High Yield,2025-08-06,6340,124,34,22
Gujarat,Ahmedabad,Jaipur Mkt,Ragi,Common,2025-08-07,2009,266,32,40
Uttar Pradesh,Ludhiana,Indore Mkt,Sugarcane,Desi,2025-08-08,7307,139,35,37
West Bengal,Patna,Kanpur Mkt,Sugarcane,Local,2025-08-09,7321,1,18,69
Gujarat,Patna,Indore Mkt,Cotton,Hybrid,2025-08-10,5475,7,42,36
Uttar Pradesh,Pune,Pune Mkt,Ragi,Improved,2025-08-11,1690,249,27,24
Gujarat,Patna,Pune Mkt,Ragi,Hybrid,2025-08-12,5617,138,15,88
Gujarat,Ahmedabad,Patna Mkt,Wheat,IR64,2025-08-13,4067,123,42,42
Tamil Nadu,Ludhiana,Ludhiana Mkt,Barley,Long Staple,2025-08-14,5776,227,38,29
Karnataka,Ludhiana,Kolkata Mkt,Bajra,High Yield,2025-08-15,6017,9,17,51
Karnataka,Kanpur,Jaipur Mkt,Wheat,Hybrid,2025-08-16,7548,211,30,21
Tamil Nadu,Jaipur,Indore Mkt,Rice,Common,2025-08-17,6903,111,44,82
Rajasthan,Pune,Kanpur Mkt,Sugarcane,Improved,2025-08-18,6965,7,36,32
Punjab,Kanpur,Pune Mkt,Sugarcane,Hybrid,2025-08-19,2273,291,18,81
Rajasthan,Jaipur,Pune Mkt,Cotton,Improved,2025-08-20,4043,252,39,23
Maharashtra,Patna,Ludhiana Mkt,Rice,Co-86032,2025-08-21,5278,13,37,34
Maharashtra,Kanpur,Kanpur Mkt,Sugarcane,Common,2025-08-22,2981,239,39,86
Gujarat,Mysore,Kanpur Mkt,Wheat,Local,2025-08-23,2249,241,30,94
Uttar Pradesh,Patna,Ludhiana Mkt,Rice,Basmati,2025-08-24,3896,148,40,40
Uttar Pradesh,Jaipur,Pune Mkt,Wheat,Improved,2025-08-25,7446,235,33,63
Karnataka,Pune,Kolkata Mkt,Bajra,Common,2025-08-26,4056,166,15,14
Madhya Pradesh,Jaipur,Ahmedabad Mkt,Bajra,Improved,2025-08-27,3956,19,19,22
Rajasthan,Kanpur,Ahmedabad Mkt,Sugarcane,Improved,2025-08-28,2390,215,33,37
West Bengal,Kanpur,Ludhiana Mkt,Sugarcane,Desi,2025-08-29,6682,134,36,52
Bihar,Coimbatore,Kanpur Mkt,Barley,Desi,2025-08-30,5039,128,38,98
Uttar Pradesh,Pune,Jaipur Mkt,Bajra,Common,2025-08-31,6782,293,25,56
Bihar,Kolkata,Ludhiana Mkt,Soybean,Desi,2025-09-01,4781,245,27,80
Gujarat,Patna,Kolkata Mkt,Soybean,IR64,2025-09-02,6598,188,34,47
Bihar,Ludhiana,Ludhiana Mkt,Cotton,Local,2025-09-03,2235,43,19,76
West Bengal,Pune,Mysore Mkt,Bajra,High Yield,2025-09-04,1023,85,35,71
Tamil Nadu,Ludhiana,Indore Mkt,Wheat,Common,2025-09-05,1019,43,18,48
West Bengal,Pune,Kanpur Mkt,Wheat,Common,2025-09-06,5074,144,18,46
Bihar,Pune,Patna Mkt,Maize,IR64,2025-09-07,2454,50,18,95
West Bengal,Jaipur,Patna Mkt,Rice,Long Staple,2025-09-08,5328,241,18,17
Punjab,Pune,Kanpur Mkt,Mustard,Long Staple,2025-09-09,1064,293,34,90
Gujarat,Coimbatore,Kolkata Mkt,Soybean,Desi,2025-09-10,1753,50,35,61
Rajasthan,Kolkata,Mysore Mkt,Sugarcane,High Yield,2025-09-11,5324,265,32,42
Tamil Nadu,Kanpur,Mysore Mkt,Cotton,Desi,2025-09-12,4533,119,32,90
Uttar Pradesh,Indore,Pune Mkt,Mustard,Co-86032,2025-09-13,7359,199,30,51
Maharashtra,Ludhiana,Indore Mkt,Ragi,Co-86032,2025-09-14,3574,247,23,85
Rajasthan,Kanpur,Ahmedabad Mkt,Cotton,Basmati,2025-09-15,7140,69,32,36
Maharashtra,Indore,Coimbatore Mkt,Ragi,Co-86032,2025-09-16,6473,56,36,17
Gujarat,Kolkata,Kolkata Mkt,Bajra,Long Staple,2025-09-17,3924,38,16,32
Tamil Nadu,Kolkata,Coimbatore Mkt,Ragi,Local,2025-09-18,1279,288,35,73
Karnataka,Ludhiana,Coimbatore Mkt,Ragi,Co-86032,2025-09-19,4314,17,18,29
Uttar Pradesh,Ludhiana,Kanpur Mkt,Barley,Desi,2025-09-20,2153,219,26,25
Punjab,Kolkata,Patna Mkt,Barley,Improved,2025-09-21,4122,243,21,26
Karnataka,Indore,Patna Mkt,Barley,Common,2025-09-22,4678,297,29,89
Gujarat,Pune,Ahmedabad Mkt,Bajra,Local,2025-09-23,1689,282,21,28
Rajasthan,Patna,Kanpur Mkt,Mustard,Local,2025-09-24,4654,73,43,17
Punjab,Mysore,Coimbatore Mkt,Cotton,Desi,2025-09-25,1724,109,36,47
West Bengal,Kanpur,Jaipur Mkt,Cotton,Common,2025-09-26,2970,179,40,47
Bihar,Jaipur,Patna Mkt,Sugarcane,Long Staple,2025-09-27,2702,31,35,62
Punjab,Kanpur,Kolkata Mkt,Barley,Local,2025-09-28,6306,233,31,99
Gujarat,Jaipur,Kolkata Mkt,Bajra,Basmati,2025-09-29,6258,281,30,40
Madhya Pradesh,Indore,Pune Mkt,Sugarcane,Desi,2025-09-30,5673,24,42,53
Bihar,Jaipur,Ludhiana Mkt,Rice,Local,2025-10-01,3195,278,33,69
Maharashtra,Ludhiana,Jaipur Mkt,Sugarcane,High Yield,2025-10-02,828,225,23,85
Uttar Pradesh,Patna,Patna Mkt,Mustard,Common,2025-10-03,7918,56,28,26
Maharashtra,Patna,Mysore Mkt,Soybean,Co-86032,2025-10-04,834,179,31,88
Punjab,Ludhiana,Patna Mkt,Ragi,Local,2025-10-05,4389,231,19,82
Maharashtra,Coimbatore,Pune Mkt,Barley,Desi,2025-10-06,6315,286,16,48
Gujarat,Indore,Kolkata Mkt,Soybean,Co-86032,2025-10-07,3470,63,34,51
West Bengal,Coimbatore,Coimbatore Mkt,Sugarcane,Basmati,2025-10-08,4165,231,30,57
Rajasthan,Coimbatore,Mysore Mkt,Bajra,Co-86032,2025-10-09,1388,288,28,21
Uttar Pradesh,Kanpur,Kanpur Mkt,Ragi,High Yield,2025-10-10,4018,212,28,98
Maharashtra,Kolkata,Indore Mkt,Cotton,Long Staple,2025-10-11,3938,257,41,27
Maharashtra,Kanpur,Coimbatore Mkt,Wheat,Local,2025-10-12,1703,17,15,88
Punjab,Kolkata,Indore Mkt,Ragi,Hybrid,2025-10-13,7463,174,17,15
Rajasthan,Mysore,Jaipur Mkt,Mustard,Hybrid,2025-10-14,4886,228,40,52
Karnataka,Jaipur,Ludhiana Mkt,Mustard,Co-86032,2025-10-15,2969,225,21,44
Maharashtra,Kolkata,Mysore Mkt,Sugarcane,IR64,2025-10-16,1139,83,40,63
Gujarat,Ludhiana,Ahmedabad Mkt,Rice,Common,2025-10-17,5070,290,29,71
Madhya Pradesh,Kanpur,Mysore Mkt,Mustard,Hybrid,2025-10-18,6819,245,33,78
Uttar Pradesh,Indore,Patna Mkt,Mustard,IR64,2025-10-19,2514,109,34,91
Maharashtra,Jaipur,Kolkata Mkt,Bajra,Hybrid,2025-10-20,5492,253,16,25
Gujarat,Mysore,Patna Mkt,Sugarcane,IR64,2025-10-21,5346,87,33,17
Gujarat,Kolkata,Patna Mkt,Ragi,Common,2025-10-22,1356,71,23,98
Uttar Pradesh,Mysore,Jaipur Mkt,Rice,Improved,2025-10-23,6055,29,33,99
Karnataka,Indore,Coimbatore Mkt,Soybean,Hybrid,2025-10-24,3887,171,41,95
Gujarat,Coimbatore,Ahmedabad Mkt,Wheat,High Yield,2025-10-25,6252,176,19,40
Madhya Pradesh,Patna,Ahmedabad Mkt,Barley,Local,2025-10-26,4066,138,32,19
Gujarat,Indore,Patna Mkt,Cotton,IR64,2025-10-27,4367,193,30,65
Gujarat,Ahmedabad,Indore Mkt,Mustard,Local,2025-10-28,2856,185,18,85
Gujarat,Indore,Jaipur Mkt,Sugarcane,Desi,2025-10-29,4699,217,26,79
West Bengal,Mysore,Patna Mkt,Barley,Desi,2025-10-30,7277,163,43,29
West Bengal,Ludhiana,Ludhiana Mkt,Cotton,Common,2025-10-31,1816,160,21,14
Karnataka,Kanpur,Kolkata Mkt,Cotton,IR64,2025-11-01,7270,12,28,32
Maharashtra,Ludhiana,Coimbatore Mkt,Soybean,Basmati,2025-11-02,2862,295,37,18
Gujarat,Mysore,Kanpur Mkt,Soybean,Desi,2025-11-03,1638,88,26,67
Rajasthan,Kanpur,Ludhiana Mkt,Soybean,Common,2025-11-04,2437,41,17,68
Maharashtra,Ahmedabad,Indore Mkt,Maize,Desi,2025-11-05,5121,209,19,89
Karnataka,Patna,Mysore Mkt,Maize,Desi,2025-11-06,4296,228,31,63
Tamil Nadu,Jaipur,Mysore Mkt,Cotton,Basmati,2025-11-07,2613,274,40,55
Maharashtra,Mysore,Ludhiana Mkt,Soybean,Hybrid,2025-11-08,4279,278,24,31
Maharashtra,Kolkata,Patna Mkt,Bajra,Co-86032,2025-11-09,7056,250,24,73
Bihar,Mysore,Kanpur Mkt,Mustard,Improved,2025-11-10,6916,207,25,17
Punjab,Mysore,Pune Mkt,Barley,Desi,2025-11-11,2251,139,31,29
Bihar,Kanpur,Pune Mkt,Barley,Desi,2025-11-12,6944,279,19,60
Madhya Pradesh,Pune,Indore Mkt,Maize,High Yield,2025-11-13,3113,33,27,87
West Bengal,Indore,Patna Mkt,Cotton,Improved,2025-11-14,2314,17,24,48
West Bengal,Pune,Ahmedabad Mkt,Sugarcane,Basmati,2025-11-15,2031,56,23,46
Punjab,Ahmedabad,Ahmedabad Mkt,Ragi,Local,2025-11-16,2445,111,31,59
Uttar Pradesh,Kolkata,Coimbatore Mkt,Ragi,IR64,2025-11-17,6631,4,15,43
Uttar Pradesh,Patna,Kanpur Mkt,Maize,Desi,2025-11-18,3799,181,18,84
Karnataka,Coimbatore,Kanpur Mkt,Sugarcane,Co-86032,2025-11-19,4240,12,18,42
Punjab,Ahmedabad,Mysore Mkt,Maize,IR64,2025-11-20,4856,284,32,40
Maharashtra,Coimbatore,Jaipur Mkt,Ragi,Improved,2025-11-21,1105,258,23,63
Uttar Pradesh,Coimbatore,Indore Mkt,Sugarcane,IR64,2025-11-22,6955,89,44,53
Gujarat,Patna,Pune Mkt,Soybean,Hybrid,2025-11-23,4336,103,39,43
Rajasthan,Ludhiana,Indore Mkt,Cotton,Desi,2025-11-24,2523,185,43,80
Maharashtra,Pune,Ahmedabad Mkt,Barley,IR64,2025-11-25,2489,249,43,71
Madhya Pradesh,Mysore,Ahmedabad Mkt,Bajra,Local,2025-11-26,2317,254,32,32
Gujarat,Jaipur,Ludhiana Mkt,Rice,Local,2025-11-27,6287,75,28,55
Gujarat,Coimbatore,Coimbatore Mkt,Cotton,Desi,2025-11-28,4717,107,39,65
Punjab,Kolkata,Kanpur Mkt,Soybean,Long Staple,2025-11-29,7880,155,29,16
Karnataka,Ahmedabad,Kolkata Mkt,Ragi,Local,2025-11-30,1219,81,20,98
Madhya Pradesh,Ludhiana,Indore Mkt,Soybean,IR64,2025-12-01,3736,76,38,70
Uttar Pradesh,Coimbatore,Ahmedabad Mkt,Maize,Common,2025-12-02,4662,257,24,12
Punjab,Ludhiana,Jaipur Mkt,Sugarcane,Local,2025-12-03,7114,126,43,47
Uttar Pradesh,Ludhiana,Mysore Mkt,Barley,Improved,2025-12-04,5029,281,29,93
Punjab,Coimbatore,Pune Mkt,Mustard,Long Staple,2025-12-05,6926,87,43,43
Punjab,Kanpur,Coimbatore Mkt,Maize,IR64,2025-12-06,7908,203,18,53
Punjab,Indore,Jaipur Mkt,Cotton,Basmati,2025-12-07,2250,15,32,39
Karnataka,Kolkata,Coimbatore Mkt,Maize,High Yield,2025-12-08,3896,150,32,26
Punjab,Mysore,Ludhiana Mkt,Cotton,Basmati,2025-12-09,6449,253,39,68
Tamil Nadu,Mysore,Kolkata Mkt,Mustard,Hybrid,2025-12-10,4061,187,31,19
Rajasthan,Kolkata,Ahmedabad Mkt,Wheat,High Yield,2025-12-11,1964,31,26,93
Uttar Pradesh,Kanpur,Mysore Mkt,Barley,Hybrid,2025-12-12,2669,270,21,27
Maharashtra,Mysore,Jaipur Mkt,Bajra,High Yield,2025-12-13,2619,4,30,54
Bihar,Ludhiana,Coimbatore Mkt,Bajra,High Yield,2025-12-14,3505,168,25,68
Madhya Pradesh,Patna,Kanpur Mkt,Rice,Common,2025-12-15,4315,180,28,71
West Bengal,Ahmedabad,Ludhiana Mkt,Soybean,Co-86032,2025-12-16,2142,177,17,68
Karnataka,Pune,Kanpur Mkt,Wheat,Improved,2025-12-17,6360,142,33,58
Maharashtra,Mysore,Mysore Mkt,Bajra,Basmati,2025-12-18,3026,247,32,72
Gujarat,Kolkata,Jaipur Mkt,Maize,Local,2025-12-19,1879,126,44,96
Tamil Nadu,Patna,Ludhiana Mkt,Soybean,IR64,2025-12-20,6074,262,24,41
West Bengal,Coimbatore,Jaipur Mkt,Wheat,Long Staple,2025-12-21,6591,39,20,19
Bihar,Indore,Ahmedabad Mkt,Sugarcane,Improved,2025-12-22,5006,254,27,20
Maharashtra,Kolkata,Patna Mkt,Sugarcane,Hybrid,2025-12-23,7080,142,24,79
West Bengal,Ludhiana,Ludhiana Mkt,Soybean,Common,2025-12-24,7175,239,32,71
Maharashtra,Indore,Kanpur Mkt,Cotton,Hybrid,2025-12-25,7935,227,40,56
Tamil Nadu,Ahmedabad,Mysore Mkt,Cotton,Co-86032,2025-12-26,5363,197,34,43
Bihar,Ahmedabad,Kolkata Mkt,Maize,Long Staple,2025-12-27,3579,64,40,26
Gujarat,Kanpur,Ahmedabad Mkt,Wheat,Common,2025-12-28,3328,10,30,63
Punjab,Jaipur,Patna Mkt,Wheat,Hybrid,2025-12-29,1613,107,39,85
Uttar Pradesh,Kanpur,Kolkata Mkt,Soybean,Co-86032,2025-12-30,6168,25,39,94
Gujarat,Patna,Pune Mkt,Ragi,IR64,2025-12-31,5889,150,20,49
Punjab,Indore,Ahmedabad Mkt,Sugarcane,IR64,2026-01-01,2831,220,27,28
Karnataka,Jaipur,Mysore Mkt,Wheat,Hybrid,2026-01-02,1122,236,18,76
Rajasthan,Coimbatore,Coimbatore Mkt,Soybean,Improved,2026-01-03,3769,236,37,91
Madhya Pradesh,Ludhiana,Ludhiana Mkt,Mustard,Long Staple,2026-01-04,1703,218,28,62
Madhya Pradesh,Indore,Jaipur Mkt,Rice,Desi,2026-01-05,2341,150,15,73
Uttar Pradesh,Kanpur,Mysore Mkt,Mustard,Improved,2026-01-06,6895,122,42,92
Bihar,Pune,Ludhiana Mkt,Barley,IR64,2026-01-07,6711,143,34,56
Tamil Nadu,Jaipur,Kolkata Mkt,Maize,Long Staple,2026-01-08,4303,188,19,15
Bihar,Jaipur,Jaipur Mkt,Wheat,Co-86032,2026-01-09,3453,254,22,25
Tamil Nadu,Ludhiana,Indore Mkt,Barley,Common,2026-01-10,3276,67,26,81
Bihar,Mysore,Kanpur Mkt,Bajra,High Yield,2026-01-11,4140,103,16,27
Rajasthan,Ahmedabad,Pune Mkt,Barley,Hybrid,2026-01-12,5043,158,26,61
Karnataka,Ahmedabad,Ahmedabad Mkt,Soybean,Basmati,2026-01-13,1941,299,19,57
Karnataka,Pune,Mysore Mkt,Wheat,Long Staple,2026-01-14,1649,89,36,52
Punjab,Patna,Pune Mkt,Rice,Local,2026-01-15,1166,255,19,48
West Bengal,Patna,Coimbatore Mkt,Soybean,Co-86032,2026-01-16,3697,219,27,58
Karnataka,Coimbatore,Ludhiana Mkt,Soybean,Desi,2026-01-17,1889,8,23,21
Karnataka,Indore,Ludhiana Mkt,Maize,High Yield,2026-01-18,4841,11,24,19
Gujarat,Kolkata,Mysore Mkt,Maize,Local,2026-01-19,2838,243,15,80
Gujarat,Mysore,Patna Mkt,Sugarcane,Desi,2026-01-20,3660,181,44,64
Punjab,Kanpur,Patna Mkt,Sugarcane,Basmati,2026-01-21,5070,283,17,10
West Bengal,Kolkata,Indore Mkt,Cotton,IR64,2026-01-22,2654,98,44,58
Uttar Pradesh,Kolkata,Kanpur Mkt,Ragi,Improved,2026-01-23,5483,196,32,45
Gujarat,Jaipur,Jaipur Mkt,Wheat,Hybrid,2026-01-24,1294,225,26,30
Uttar Pradesh,Pune,Coimbatore Mkt,Wheat,Common,2026-01-25,7916,102,43,46
Maharashtra,Ahmedabad,Pune Mkt,Barley,Desi,2026-01-26,6033,105,17,33
Gujarat,Coimbatore,Patna Mkt,Wheat,High Yield,2026-01-27,3982,57,40,64
Rajasthan,Patna,Indore Mkt,Wheat,Long Staple,2026-01-28,2584,77,39,34
West Bengal,Pune,Indore Mkt,Ragi,IR64,2026-01-29,4310,74,43,16
Punjab,Jaipur,Mysore Mkt,Bajra,Long Staple,2026-01-30,4586,41,44,90
Maharashtra,Kanpur,Coimbatore Mkt,Sugarcane,High Yield,2026-01-31,6066,180,23,80
West Bengal,Coimbatore,Kolkata Mkt,Sugarcane,Long Staple,2026-02-01,4930,32,40,80
Rajasthan,Jaipur,Jaipur Mkt,Rice,Desi,2026-02-02,1798,70,16,33
West Bengal,Ahmedabad,Kanpur Mkt,Wheat,Co-86032,2026-02-03,6228,55,44,20
Rajasthan,Ahmedabad,Ahmedabad Mkt,Ragi,Long Staple,2026-02-04,7481,104,17,82
Rajasthan,Ahmedabad,Mysore Mkt,Sugarcane,Improved,2026-02-05,7693,199,28,21
Uttar Pradesh,Pune,Jaipur Mkt,Ragi,Basmati,2026-02-06,5933,100,18,44
Bihar,Pune,Ahmedabad Mkt,Mustard,Common,2026-02-07,5269,255,39,72
Maharashtra,Patna,Ahmedabad Mkt,Bajra,Desi,2026-02-08,7500,73,33,77
West Bengal,Patna,Coimbatore Mkt,Wheat,Local,2026-02-09,2251,170,27,66
Tamil Nadu,Kanpur,Coimbatore Mkt,Rice,High Yield,2026-02-10,2551,142,21,22
Maharashtra,Coimbatore,Pune Mkt,Barley,IR64,2026-02-11,3080,165,26,32
Bihar,Ludhiana,Indore Mkt,Sugarcane,Desi,2026-02-12,5600,260,17,92
Maharashtra,Ludhiana,Jaipur Mkt,Mustard,Co-86032,2026-02-13,5458,220,37,48
Karnataka,Jaipur,Mysore Mkt,Ragi,IR64,2026-02-14,7882,82,37,97
Tamil Nadu,Ahmedabad,Ludhiana Mkt,Maize,Improved,2026-02-15,3734,181,23,89
Bihar,Coimbatore,Mysore Mkt,Soybean,High Yield,2026-02-16,7669,9,16,21
Uttar Pradesh,Kolkata,Pune Mkt,Wheat,IR64,2026-02-17,4534,3,43,43
West Bengal,Pune,Kanpur Mkt,Wheat,Long Staple,2026-02-18,4146,291,36,80
Madhya Pradesh,Indore,Indore Mkt,Mustard,Desi,2026-02-19,2673,280,23,84
Bihar,Mysore,Ludhiana Mkt,Ragi,Basmati,2026-02-20,7019,214,26,40
Punjab,Kanpur,Patna Mkt,Cotton,High Yield,2026-02-21,5334,97,26,71
West Bengal,Ahmedabad,Kanpur Mkt,Wheat,Hybrid,2026-02-22,4603,100,29,22
Bihar,Ahmedabad,Coimbatore Mkt,Cotton,Improved,2026-02-23,6779,8,16,40
Karnataka,Ahmedabad,Ahmedabad Mkt,Maize,Common,2026-02-24,2779,60,32,11
Madhya Pradesh,Pune,Patna Mkt,Mustard,High Yield,2026-02-25,1498,145,27,24
Karnataka,Pune,Mysore Mkt,Ragi,Co-86032,2026-02-26,2112,62,28,66
Madhya Pradesh,Mysore,Mysore Mkt,Ragi,Desi,2026-02-27,3762,120,19,84
Punjab,Kolkata,Coimbatore Mkt,Bajra,Long Staple,2026-02-28,6459,225,40,43
West Bengal,Coimbatore,Pune Mkt,Soybean,Common,2026-03-01,3738,104,24,77
Uttar Pradesh,Ahmedabad,Jaipur Mkt,Sugarcane,Common,2026-03-02,5587,259,26,84
Karnataka,Ludhiana,Patna Mkt,Sugarcane,Improved,2026-03-03,3100,254,24,38
Karnataka,Patna,Patna Mkt,Barley,IR64,2026-03-04,3997,206,38,75
Rajasthan,Ludhiana,Kolkata Mkt,Rice,Co-86032,2026-03-05,6096,27,25,25
Madhya Pradesh,Jaipur,Kanpur Mkt,Mustard,IR64,2026-03-06,7353,169,39,48
Gujarat,Ludhiana,Indore Mkt,Maize,Long Staple,2026-03-07,6530,75,16,86
West Bengal,Jaipur,Kanpur Mkt,Ragi,Common,2026-03-08,6529,115,19,46
Madhya Pradesh,Indore,Jaipur Mkt,Soybean,Co-86032,2026-03-09,926,68,44,90
Rajasthan,Patna,Mysore Mkt,Cotton,Co-86032,2026-03-10,6402,233,21,30
Maharashtra,Ludhiana,Mysore Mkt,Mustard,Local,2026-03-11,1991,0,20,53
Madhya Pradesh,Indore,Mysore Mkt,Barley,Desi,2026-03-12,3439,166,36,28
Uttar Pradesh,Kanpur,Kolkata Mkt,Mustard,Common,2026-03-13,5189,217,37,80
West Bengal,Coimbatore,Mysore Mkt,Barley,Common,2026-03-14,4716,272,17,17
Rajasthan,Indore,Jaipur Mkt,Ragi,Co-86032,2026-03-15,2166,250,27,86
Maharashtra,Coimbatore,Coimbatore Mkt,Rice,IR64,2026-03-16,1819,173,17,75
Tamil Nadu,Ludhiana,Indore Mkt,Barley,Common,2026-03-17,7253,169,40,50
Rajasthan,Kolkata,Jaipur Mkt,Ragi,Co-86032,2026-03-18,7605,245,39,84
Tamil Nadu,Indore,Indore Mkt,Ragi,Common,2026-03-19,7471,89,44,97
West Bengal,Patna,Jaipur Mkt,Rice,Co-86032,2026-03-20,7483,48,38,79
Karnataka,Ludhiana,Mysore Mkt,Sugarcane,Local,2026-03-21,4879,293,35,70
Rajasthan,Ahmedabad,Coimbatore Mkt,Mustard,Desi,2026-03-22,5314,149,20,35
Punjab,Pune,Patna Mkt,Wheat,Co-86032,2026-03-23,5339,131,25,80
Tamil Nadu,Indore,Kanpur Mkt,Wheat,Common,2026-03-24,1484,58,42,92
Uttar Pradesh,Patna,Ahmedabad Mkt,Cotton,Long Staple,2026-03-25,4429,198,40,79
Punjab,Kanpur,Coimbatore Mkt,Cotton,Desi,2026-03-26,3687,214,31,38
Bihar,Ahmedabad,Patna Mkt,Wheat,Local,2026-03-27,7179,48,24,75
Bihar,Kanpur,Pune Mkt,Maize,Co-86032,2026-03-28,2262,231,26,28
Maharashtra,Ludhiana,Jaipur Mkt,Wheat,Long Staple,2026-03-29,4886,246,31,77
Karnataka,Pune,Pune Mkt,Cotton,Co-86032,2026-03-30,3061,238,18,67
West Bengal,Indore,Patna Mkt,Soybean,IR64,2026-03-31,4980,167,16,79
Rajasthan,Indore,Coimbatore Mkt,Cotton,Common,2026-04-01,3641,47,25,66
Gujarat,Kolkata,Jaipur Mkt,Maize,High Yield,2026-04-02,2567,50,21,46
Uttar Pradesh,Kolkata,Ahmedabad Mkt,Mustard,Improved,2026-04-03,4980,298,16,70
Tamil Nadu,Ludhiana,Mysore Mkt,Wheat,Basmati,2026-04-04,6840,97,40,39
West Bengal,Ludhiana,Jaipur Mkt,Rice,IR64,2026-04-05,4360,215,32,80
Punjab,Pune,Jaipur Mkt,Soybean,Long Staple,2026-04-06,2912,176,35,82
Bihar,Kolkata,Coimbatore Mkt,Ragi,IR64,2026-04-07,6565,79,18,34
Uttar Pradesh,Patna,Coimbatore Mkt,Maize,Hybrid,2026-04-08,5558,184,22,74
Gujarat,Patna,Patna Mkt,Cotton,Co-86032,2026-04-09,1426,26,34,15
Rajasthan,Pune,Ludhiana Mkt,Rice,Co-86032,2026-04-10,4959,194,28,27
Maharashtra,Patna,Jaipur Mkt,Barley,Basmati,2026-04-11,4214,213,26,19
Gujarat,Jaipur,Kanpur Mkt,Sugarcane,Basmati,2026-04-12,7882,113,36,20
Uttar Pradesh,Coimbatore,Jaipur Mkt,Wheat,Hybrid,2026-04-13,5814,241,35,74
Gujarat,Pune,Patna Mkt,Sugarcane,Common,2026-04-14,2175,123,41,86
Uttar Pradesh,Pune,Indore Mkt,Maize,Improved,2026-04-15,1981,75,44,93
Uttar Pradesh,Mysore,Pune Mkt,Barley,High Yield,2026-04-16,6508,195,32,74
Madhya Pradesh,Ahmedabad,Mysore Mkt,Barley,High Yield,2026-04-17,1290,43,25,61
Tamil Nadu,Ahmedabad,Ludhiana Mkt,Barley,Local,2026-04-18,4529,185,43,76
Bihar,Jaipur,Ahmedabad Mkt,Ragi,Local,2026-04-19,6774,245,42,91
Madhya Pradesh,Kolkata,Ahmedabad Mkt,Maize,Common,2026-04-20,4334,83,44,87
Rajasthan,Ludhiana,Ahmedabad Mkt,Mustard,Local,2026-04-21,4096,206,22,40
Madhya Pradesh,Ludhiana,Coimbatore Mkt,Sugarcane,Local,2026-04-22,2740,150,16,26
Karnataka,Kanpur,Ahmedabad Mkt,Mustard,Hybrid,2026-04-23,5208,155,39,64
Karnataka,Jaipur,Mysore Mkt,Rice,Hybrid,2026-04-24,7558,15,29,45
Bihar,Pune,Pune Mkt,Bajra,Local,2026-04-25,5814,164,23,35
Gujarat,Jaipur,Ahmedabad Mkt,Soybean,IR64,2026-04-26,2682,144,33,62
Tamil Nadu,Jaipur,Jaipur Mkt,Soybean,Desi,2026-04-27,5708,36,34,26
Bihar,Jaipur,Jaipur Mkt,Mustard,Desi,2026-04-28,3787,44,22,95
Uttar Pradesh,Ahmedabad,Coimbatore Mkt,Bajra,Common,2026-04-29,6385,205,39,34
Punjab,Jaipur,Mysore Mkt,Bajra,High Yield,2026-04-30,3959,61,33,11
Tamil Nadu,Coimbatore,Pune Mkt,Wheat,Basmati,2026-05-01,6222,18,19,95
Tamil Nadu,Ludhiana,Ludhiana Mkt,Rice,Common,2026-05-02,5575,299,25,14
Uttar Pradesh,Kanpur,Patna Mkt,Maize,Local,2026-05-03,5330,6,29,13
Uttar Pradesh,Coimbatore,Pune Mkt,Bajra,Hybrid,2026-05-04,1481,248,22,45
Maharashtra,Kanpur,Patna Mkt,Cotton,Co-86032,2026-05-05,6054,116,33,15
Bihar,Mysore,Indore Mkt,Soybean,IR64,2026-05-06,1873,67,37,30
Uttar Pradesh,Kanpur,Patna Mkt,Cotton,Long Staple,2026-05-07,6351,33,41,86
Karnataka,Ludhiana,Kanpur Mkt,Rice,Hybrid,2026-05-08,3187,193,22,98
Rajasthan,Ludhiana,Jaipur Mkt,Bajra,Desi,2026-05-09,3194,54,40,35
Punjab,Jaipur,Mysore Mkt,Sugarcane,Hybrid,2026-05-10,3493,265,41,64
Bihar,Indore,Kolkata Mkt,Soybean,IR64,2026-05-11,2170,41,44,48
West Bengal,Mysore,Coimbatore Mkt,Wheat,Basmati,2026-05-12,5544,296,33,93
Karnataka,Pune,Kanpur Mkt,Wheat,Local,2026-05-13,5140,230,32,42
Gujarat,Patna,Patna Mkt,Barley,Co-86032,2026-05-14,2956,9,24,23
Uttar Pradesh,Kanpur,Ahmedabad Mkt,Ragi,Desi,2026-05-15,3380,127,43,65
West Bengal,Indore,Mysore Mkt,Bajra,Desi,2026-05-16,5191,178,21,90
Uttar Pradesh,Jaipur,Kanpur Mkt,Rice,Improved,2026-05-17,2959,192,42,30
Tamil Nadu,Ahmedabad,Coimbatore Mkt,Soybean,High Yield,2026-05-18,6508,91,23,55
Karnataka,Pune,Jaipur Mkt,Ragi,Basmati,2026-05-19,4048,230,15,25
Tamil Nadu,Kolkata,Mysore Mkt,Rice,Desi,2026-05-20,7286,77,33,25
Maharashtra,Indore,Coimbatore Mkt,Mustard,High Yield,2026-05-21,4531,84,19,93
Tamil Nadu,Ahmedabad,Indore Mkt,Bajra,Desi,2026-05-22,7044,29,33,38
Maharashtra,Mysore,Indore Mkt,Maize,Local,2026-05-23,4629,212,15,17
Maharashtra,Jaipur,Coimbatore Mkt,Maize,High Yield,2026-05-24,7572,48,29,97
West Bengal,Pune,Kanpur Mkt,Bajra,IR64,2026-05-25,2427,264,30,12
Uttar Pradesh,Pune,Mysore Mkt,Barley,Improved,2026-05-26,4272,144,37,98
Gujarat,Pune,Kanpur Mkt,Barley,Local,2026-05-27,827,68,21,28
Tamil Nadu,Mysore,Ludhiana Mkt,Maize,IR64,2026-05-28,7880,57,40,75
Karnataka,Kanpur,Patna Mkt,Sugarcane,Co-86032,2026-05-29,2785,184,26,88
Maharashtra,Kolkata,Ludhiana Mkt,Soybean,Basmati,2026-05-30,6456,61,22,95
Uttar Pradesh,Mysore,Indore Mkt,Maize,Basmati,2026-05-31,4953,295,19,83
Punjab,Patna,Jaipur Mkt,Sugarcane,Long Staple,2026-06-01,2321,165,24,91
Bihar,Kolkata,Pune Mkt,Ragi,Long Staple,2026-06-02,1096,170,42,31
West Bengal,Ludhiana,Patna Mkt,Sugarcane,High Yield,2026-06-03,2981,62,35,55
Gujarat,Jaipur,Indore Mkt,Ragi,Basmati,2026-06-04,4202,146,19,22
Madhya Pradesh,Mysore,Kanpur Mkt,Rice,High Yield,2026-06-05,3096,160,31,42
West Bengal,Ahmedabad,Kanpur Mkt,Cotton,Long Staple,2026-06-06,7964,140,40,14
Punjab,Kolkata,Kanpur Mkt,Rice,Co-86032,2026-06-07,3397,96,19,99
Bihar,Patna,Jaipur Mkt,Maize,Desi,2026-06-08,1701,220,36,86
Punjab,Ludhiana,Ludhiana Mkt,Ragi,IR64,2026-06-09,6860,42,29,36
Tamil Nadu,Kanpur,Pune Mkt,Maize,Hybrid,2026-06-10,1898,291,27,87
Maharashtra,Ahmedabad,Kanpur Mkt,Bajra,High Yield,2026-06-11,2477,107,42,33
Gujarat,Kolkata,Kolkata Mkt,Soybean,Co-86032,2026-06-12,3681,265,15,76
Rajasthan,Jaipur,Patna Mkt,Wheat,IR64,2026-06-13,6087,94,25,72
Maharashtra,Ahmedabad,Mysore Mkt,Maize,Basmati,2026-06-14,5666,261,37,57
Rajasthan,Ludhiana,Kolkata Mkt,Soybean,Desi,2026-06-15,6422,70,15,72
Bihar,Ahmedabad,Pune Mkt,Sugarcane,IR64,2026-06-16,2178,218,25,87
Uttar Pradesh,Coimbatore,Jaipur Mkt,Rice,Improved,2026-06-17,2048,20,32,21
Madhya Pradesh,Indore,Pune Mkt,Sugarcane,Long Staple,2026-06-18,4535,91,32,37
Karnataka,Kanpur,Mysore Mkt,Wheat,IR64,2026-06-19,6450,126,35,53
Maharashtra,Ludhiana,Patna Mkt,Ragi,Hybrid,2026-06-20,5041,79,44,52
Gujarat,Ahmedabad,Mysore Mkt,Bajra,Co-86032,2026-06-21,6879,237,40,26
Punjab,Indore,Coimbatore Mkt,Soybean,Desi,2026-06-22,2064,181,30,49
Gujarat,Indore,Patna Mkt,Bajra,Local,2026-06-23,2707,24,27,58
Bihar,Ahmedabad,Pune Mkt,Cotton,IR64,2026-06-24,7836,155,21,94
Rajasthan,Jaipur,Kanpur Mkt,Maize,Common,2026-06-25,7287,4,15,66
Punjab,Coimbatore,Pune Mkt,Ragi,Hybrid,2026-06-26,6668,119,40,96
Karnataka,Mysore,Pune Mkt,Cotton,Hybrid,2026-06-27,1858,276,30,93
Karnataka,Coimbatore,Patna Mkt,Mustard,Common,2026-06-28,3549,17,15,73
Maharashtra,Ahmedabad,Coimbatore Mkt,Maize,Improved,2026-06-29,2848,197,31,84
Bihar,Kanpur,Pune Mkt,Sugarcane,Local,2026-06-30,6915,56,20,66
Uttar Pradesh,Mysore,Kolkata Mkt,Rice,Long Staple,2026-07-01,5048,92,16,83
Bihar,Ludhiana,Indore Mkt,Soybean,Co-86032,2026-07-02,3276,18,31,83
Rajasthan,Coimbatore,Ahmedabad Mkt,Wheat,Desi,2026-07-03,4816,192,20,79
Gujarat,Ahmedabad,Ahmedabad Mkt,Wheat,Co-86032,2026-07-04,5403,236,28,97
Karnataka,Coimbatore,Pune Mkt,Sugarcane,Local,2026-07-05,3997,276,32,85
Gujarat,Mysore,Kolkata Mkt,Barley,Co-86032,2026-07-06,5386,226,20,52
Gujarat,Patna,Kanpur Mkt,Wheat,Common,2026-07-07,4353,232,24,32
Gujarat,Kolkata,Jaipur Mkt,Soybean,Hybrid,2026-07-08,5240,39,38,36
Karnataka,Coimbatore,Jaipur Mkt,Sugarcane,Co-86032,2026-07-09,6831,152,32,67
West Bengal,Ludhiana,Patna Mkt,Ragi,High Yield,2026-07-10,2561,126,41,46
Tamil Nadu,Ludhiana,Ahmedabad Mkt,Wheat,IR64,2026-07-11,1020,236,23,15
Rajasthan,Pune,Pune Mkt,Bajra,Local,2026-07-12,6834,54,22,74
West Bengal,Coimbatore,Jaipur Mkt,Sugarcane,Improved,2026-07-13,6838,171,42,15
Rajasthan,Kolkata,Pune Mkt,Soybean,High Yield,2026-07-14,5618,108,24,59
Punjab,Jaipur,Patna Mkt,Bajra,Common,2026-07-15,7992,183,31,31
Bihar,Indore,Ahmedabad Mkt,Maize,Basmati,2026-07-16,5423,197,37,97
Bihar,Kolkata,Mysore Mkt,Maize,Common,2026-07-17,6418,86,44,34
Madhya Pradesh,Indore,Indore Mkt,Wheat,Improved,2026-07-18,3688,200,43,88
Bihar,Indore,Indore Mkt,Bajra,Improved,2026-07-19,2464,274,40,99
Karnataka,Patna,Jaipur Mkt,Rice,High Yield,2026-07-20,4786,210,20,81
Uttar Pradesh,Pune,Indore Mkt,Maize,IR64,2026-07-21,5376,117,28,60
Maharashtra,Kolkata,Mysore Mkt,Rice,Local,2026-07-22,3777,190,36,97
Madhya Pradesh,Kolkata,Pune Mkt,Ragi,Long Staple,2026-07-23,2671,41,36,57
Maharashtra,Patna,Patna Mkt,Sugarcane,Hybrid,2026-07-24,7815,41,20,79
Rajasthan,Coimbatore,Mysore Mkt,Cotton,High Yield,2026-07-25,2262,275,40,74
Maharashtra,Coimbatore,Patna Mkt,Soybean,Improved,2026-07-26,6321,16,21,69
Maharashtra,Coimbatore,Patna Mkt,Sugarcane,Basmati,2026-07-27,1144,282,26,55
Madhya Pradesh,Kanpur,Ahmedabad Mkt,Soybean,Desi,2026-07-28,844,257,17,45
Punjab,Indore,Pune Mkt,Bajra,Improved,2026-07-29,2868,62,28,67
Gujarat,Kanpur,Kolkata Mkt,Ragi,IR64,2026-07-30,6553,61,36,85
Bihar,Pune,Indore Mkt,Mustard,IR64,2026-07-31,6783,99,33,47
Bihar,Patna,Kolkata Mkt,Wheat,Improved,2026-08-01,7816,18,37,20
Karnataka,Kolkata,Ahmedabad Mkt,Soybean,IR64,2026-08-02,6991,16,30,21
Madhya Pradesh,Indore,Patna Mkt,Soybean,High Yield,2026-08-03,2314,245,21,51
Karnataka,Kanpur,Jaipur Mkt,Bajra,Improved,2026-08-04,3398,250,22,48
Uttar Pradesh,Kanpur,Indore Mkt,Rice,Improved,2026-08-05,7230,80,32,80
Uttar Pradesh,Ahmedabad,Indore Mkt,Sugarcane,Local,2026-08-06,1801,38,39,20
Karnataka,Kanpur,Pune Mkt,Mustard,Hybrid,2026-08-07,1833,35,27,45
Madhya Pradesh,Jaipur,Coimbatore Mkt,Barley,Basmati,2026-08-08,7485,196,35,61
Karnataka,Kolkata,Ludhiana Mkt,Wheat,IR64,2026-08-09,2840,157,23,40
Bihar,Jaipur,Ludhiana Mkt,Cotton,Local,2026-08-10,7699,203,24,42
West Bengal,Kolkata,Ludhiana Mkt,Barley,Long Staple,2026-08-11,1073,195,35,22
Tamil Nadu,Patna,Coimbatore Mkt,Sugarcane,Long Staple,2026-08-12,5851,215,37,27
Maharashtra,Kolkata,Pune Mkt,Wheat,Co-86032,2026-08-13,3447,284,41,50
Tamil Nadu,Jaipur,Coimbatore Mkt,Soybean,High Yield,2026-08-14,2579,195,23,67
Madhya Pradesh,Kolkata,Ludhiana Mkt,Cotton,High Yield,2026-08-15,5276,151,29,65
Tamil Nadu,Patna,Ahmedabad Mkt,Rice,Common,2026-08-16,6248,13,34,33
Uttar Pradesh,Patna,Mysore Mkt,Mustard,Basmati,2026-08-17,1278,145,16,82
Rajasthan,Pune,Patna Mkt,Rice,Improved,2026-08-18,6958,56,39,40
Maharashtra,Kolkata,Coimbatore Mkt,Ragi,IR64,2026-08-19,1315,210,27,64
Gujarat,Ahmedabad,Pune Mkt,Bajra,Basmati,2026-08-20,5086,267,16,19
Madhya Pradesh,Coimbatore,Pune Mkt,Wheat,Co-86032,2026-08-21,1991,209,33,69
Maharashtra,Ludhiana,Kolkata Mkt,Rice,Common,2026-08-22,3468,16,40,11
Tamil Nadu,Patna,Mysore Mkt,Barley,Local,2026-08-23,6056,285,16,24
Uttar Pradesh,Mysore,Jaipur Mkt,Bajra,Basmati,2026-08-24,7097,202,17,12
Punjab,Coimbatore,Indore Mkt,Rice,Local,2026-08-25,2211,98,20,52
West Bengal,Indore,Ludhiana Mkt,Maize,Long Staple,2026-08-26,4080,278,17,40
Gujarat,Kolkata,Jaipur Mkt,Ragi,IR64,2026-08-27,1071,208,24,79
West Bengal,Jaipur,Kolkata Mkt,Sugarcane,Co-86032,2026-08-28,942,128,38,76
Maharashtra,Ludhiana,Ludhiana Mkt,Mustard,Improved,2026-08-29,6808,287,41,65
Uttar Pradesh,Mysore,Mysore Mkt,Ragi,IR64,2026-08-30,5988,251,20,72
Uttar Pradesh,Coimbatore,Kolkata Mkt,Bajra,Hybrid,2026-08-31,7190,264,37,84
Tamil Nadu,Kolkata,Ludhiana Mkt,Maize,High Yield,2026-09-01,4132,270,30,24
Bihar,Pune,Mysore Mkt,Wheat,Co-86032,2026-09-02,1587,187,31,19
Tamil Nadu,Indore,Kanpur Mkt,Barley,Basmati,2026-09-03,7022,213,33,47
Bihar,Ludhiana,Jaipur Mkt,Mustard,IR64,2026-09-04,2481,282,17,56
Bihar,Ahmedabad,Jaipur Mkt,Mustard,Desi,2026-09-05,1422,210,32,66
Gujarat,Pune,Indore Mkt,Ragi,High Yield,2026-09-06,4641,75,21,59
Tamil Nadu,Mysore,Mysore Mkt,Bajra,High Yield,2026-09-07,4476,147,23,80
Punjab,Ludhiana,Coimbatore Mkt,Wheat,Desi,2026-09-08,3372,212,34,24
Karnataka,Pune,Kanpur Mkt,Soybean,Common,2026-09-09,7715,108,26,27
Karnataka,Indore,Ahmedabad Mkt,Maize,Common,2026-09-10,5833,128,19,91
Tamil Nadu,Ahmedabad,Ludhiana Mkt,Soybean,Desi,2026-09-11,4060,9,17,97
Tamil Nadu,Pune,Kanpur Mkt,Barley,Hybrid,2026-09-12,6014,46,25,11
West Bengal,Kanpur,Mysore Mkt,Wheat,Long Staple,2026-09-13,5512,95,39,93
Gujarat,Ahmedabad,Patna Mkt,Wheat,Desi,2026-09-14,5927,102,44,52
Tamil Nadu,Mysore,Ludhiana Mkt,Maize,Long Staple,2026-09-15,866,145,18,35
West Bengal,Indore,Pune Mkt,Cotton,IR64,2026-09-16,5086,26,19,80
Bihar,Kolkata,Jaipur Mkt,Soybean,Hybrid,2026-09-17,7711,219,15,47
Uttar Pradesh,Jaipur,Mysore Mkt,Rice,Co-86032,2026-09-18,5416,17,41,51
Uttar Pradesh,Jaipur,Pune Mkt,Mustard,Long Staple,2026-09-19,5885,166,42,14
Bihar,Jaipur,Indore Mkt,Cotton,High Yield,2026-09-20,1940,81,43,20
Madhya Pradesh,Ludhiana,Kolkata Mkt,Rice,IR64,2026-09-21,3114,71,32,74
West Bengal,Mysore,Ahmedabad Mkt,Bajra,High Yield,2026-09-22,6530,253,26,43
West Bengal,Indore,Ahmedabad Mkt,Maize,Hybrid,2026-09-23,3332,161,27,10
Bihar,Ahmedabad,Pune Mkt,Bajra,Long Staple,2026-09-24,4380,37,23,92
Punjab,Ludhiana,Jaipur Mkt,Mustard,Local,2026-09-25,1987,200,16,11
Rajasthan,Mysore,Indore Mkt,Sugarcane,Hybrid,2026-09-26,5271,199,19,94
